ACCIDENT_NO,NODE_ID,NODE_TYPE,VICGRID94_X,VICGRID94_Y,LGA_NAME,LGA_NAME_ALL,REGION_NAME,DEG_URBAN_NAME,Lat,Long,POSTCODE_NO,ACCIDENTDATE,ACCIDENTTIME,ACCIDENT_TYPE,Accident Type Desc,DAY_OF_WEEK,Day Week Description,DCA_CODE,DCA Description,DIRECTORY,EDITION,PAGE,GRID_REFERENCE_X,GRID_REFERENCE_Y,LIGHT_CONDITION,Light Condition Desc,NODE_ID,NO_OF_VEHICLES,NO_PERSONS,NO_PERSONS_INJ_2,NO_PERSONS_INJ_3,NO_PERSONS_KILLED,NO_PERSONS_NOT_INJ,POLICE_ATTEND,ROAD_GEOMETRY,Road Geometry Desc,SEVERITY,SPEED_ZONE
T20060000587,202784,N,2686747.164,2407682.229,WELLINGTON,WELLINGTON,EASTERN REGION,RURAL_VICTORIA,-37.81315264,147.12109,3862,19/1/06,15:15:00,1,Collision with vehicle,5,Thursday,130,REAR END(VEHICLES IN SAME LANE)               ,MEL,40,2B,J,12,1,Day,36408,2,2,0,1,0,1,2,1,Cross intersection,3,60
T20060000592,46849,I,2509202.521,2370182.892,MORNINGTON PENINSULA,"MORNINGTON PENINSULA,FRANKSTON",METROPOLITAN SOUTH EAST REGION,MELB_URBAN,-38.16969404,145.1050102,3199,4/1/06,5:19:00,4,Collision with a fixed object,4,Wednesday,181,OFF RIGHT BEND INTO OBJECT/PARKED VEHICLE          ,VCS,9,77,F,8,5,Dark No street lights,201476,1,1,0,0,1,0,1,5,Not at intersection,1,100
T20060000592,46849,I,2509202.521,2370182.892,MORNINGTON PENINSULA,"MORNINGTON PENINSULA,FRANKSTON",METROPOLITAN SOUTH EAST REGION,MELB_URBAN,-38.16969404,145.1050102,3930,7/1/06,0:00:00,4,Collision with a fixed object,7,Saturday,171,LEFT OFF CARRIAGEWAY INTO OBJECT/PARKED VEHICLE       ,MEL,40,33,F,10,3,Dark Street lights on,201556,1,1,0,0,1,0,1,5,Not at intersection,1,60
T20060000594,202787,N,2481816.195,2413555.762,BRIMBANK,BRIMBANK,METROPOLITAN NORTH WEST REGION,MELB_URBAN,-37.77879921,144.7935776,3023,28/1/06,1:30:00,4,Collision with a fixed object,7,Saturday,183,OFF LEFT BEND INTO OBJECT/PARKED VEHICLE          ,VCS,9,93,B,9,5,Dark No street lights,202798,1,1,0,1,0,0,1,5,Not at intersection,3,80
T20060000596,205196,N,2621766.631,2362218.039,LATROBE,LATROBE,EASTERN REGION,SMALL_CITIES,-38.23347794,146.3907109,3840,30/1/06,8:40:00,1,Collision with vehicle,2,Monday,140,U TURN                           ,MEL,40,91,J,4,1,Day,202799,2,2,0,1,0,1,1,5,Not at intersection,3,80
T20060000602,205198,N,2410674.778,2328333.692,SURF COAST,SURF COAST,SOUTH WESTERN REGION,TOWNS,-38.54237071,143.9756085,3232,30/1/06,13:00:00,1,Collision with vehicle,2,Monday,110,CROSS TRAFFIC(INTERSECTIONS ONLY)              ,VCS,9,699,Q,9,1,Day,20848,2,3,0,1,0,2,1,1,Cross intersection,3,100
T20060000609,202796,N,2532247.673,2383992.558,CARDINIA,CARDINIA,METROPOLITAN SOUTH EAST REGION,MELB_URBAN,-38.04477046,145.3673691,3807,30/1/06,15:35:00,4,Collision with a fixed object,2,Monday,173,RIGHT OFF CARRIAGEWAY INTO OBJECT/PARKED VEHICLE      ,MEL,40,145,K,5,1,Day,205503,1,2,0,2,0,0,1,5,Not at intersection,3,50
T20060000612,205203,N,2535420.617,2387828.001,CARDINIA,CARDINIA,METROPOLITAN SOUTH EAST REGION,TOWNS,-38.01010086,145.4033301,3808,30/1/06,14:20:00,4,Collision with a fixed object,2,Monday,173,RIGHT OFF CARRIAGEWAY INTO OBJECT/PARKED VEHICLE      ,MEL,40,317,F,11,1,Day,205205,1,2,2,0,0,0,1,5,Not at intersection,2,60
T20060000614,71971,I,2444295.277,2372727.319,GEELONG,GEELONG,SOUTH WESTERN REGION,LARGE_PROVINCIAL_CITIES,-38.14514328,144.3645553,3220,30/1/06,17:45:00,1,Collision with vehicle,2,Monday,121,RIGHT THROUGH                        ,MEL,40,1C,A,2,1,Day,29889,2,2,0,1,0,1,1,2,T intersection,2,60
T20060000619,34225,N,2499229.68,2352384.432,MORNINGTON PENINSULA,MORNINGTON PENINSULA,METROPOLITAN SOUTH EAST REGION,RURAL_VICTORIA,-38.33007038,144.9911911,3936,30/1/06,21:45:00,6,Vehicle overturned (no collision),2,Monday,172,OFF CARRIAGEWAY TO RIGHT                  ,VCS,9,96,G,3,2,Dusk/Dawn,202800,1,2,0,2,0,0,1,1,Cross intersection,3,100
T20060000624,43290,I,2523681.524,2386327.652,CASEY,CASEY,METROPOLITAN SOUTH EAST REGION,MELB_URBAN,-38.0239916,145.2697078,3976,30/1/06,14:20:00,1,Collision with vehicle,2,Monday,120,HEAD ON (NOT OVERTAKING)                  ,VCS,9,100,H,4,1,Day,202801,2,2,0,2,0,0,1,5,Not at intersection,3,100
T20060000625,1131,I,2490895.921,2349253.897,MORNINGTON PENINSULA,MORNINGTON PENINSULA,METROPOLITAN SOUTH EAST REGION,MELB_URBAN,-38.35822462,144.8958519,3939,31/1/06,8:45:00,1,Collision with vehicle,3,Tuesday,121,RIGHT THROUGH                        ,MEL,40,104,H,12,1,Day,43567,2,3,2,1,0,0,1,1,Cross intersection,2,80
T20060000627,205501,N,2512375.237,2368259.892,FRANKSTON,FRANKSTON,METROPOLITAN SOUTH EAST REGION,MELB_URBAN,-38.18698038,145.1412466,3199,30/1/06,21:40:00,1,Collision with vehicle,2,Monday,113,RIGHT NEAR (INTERSECTIONS ONLY)               ,MEL,40,100,G,4,3,Dark Street lights on,55440,2,2,1,0,0,1,1,2,T intersection,2,50
T20060000630,26066,N,2510662.831,2373247.596,FRANKSTON,FRANKSTON,METROPOLITAN SOUTH EAST REGION,MELB_URBAN,-38.14206973,145.1216291,3199,31/1/06,9:55:00,1,Collision with vehicle,3,Tuesday,121,RIGHT THROUGH                        ,MEL,40,1A,C,9,1,Day,207,3,4,0,1,0,3,1,1,Cross intersection,2,50
T20060000631,37124,I,2484879.228,2417019.822,BRIMBANK,BRIMBANK,METROPOLITAN NORTH WEST REGION,MELB_URBAN,-37.74764208,144.8284199,3021,31/1/06,8:45:00,1,Collision with vehicle,3,Tuesday,120,HEAD ON (NOT OVERTAKING)                  ,MEL,40,94,G,5,1,Day,205226,3,3,0,1,0,2,1,5,Not at intersection,3,80
T20060000635,202797,N,2489753.081,2412826.671,MARIBYRNONG,MARIBYRNONG,METROPOLITAN NORTH WEST REGION,MELB_URBAN,-37.78548965,144.8836668,3012,31/1/06,8:50:00,6,Vehicle overturned (no collision),3,Tuesday,151,OUT OF CONTROL (OVERTAKING)                 ,MEL,40,39,E,8,1,Day,205228,1,1,1,0,0,0,1,5,Not at intersection,2,80
T20060000635,202797,N,2489753.081,2412826.671,MARIBYRNONG,MARIBYRNONG,METROPOLITAN NORTH WEST REGION,MELB_URBAN,-37.78548965,144.8836668,3032,25/1/06,10:00:00,3,Struck animal,4,Wednesday,167,STRUCK ANIMAL                        ,VCS,9,99,E,2,1,Day,202802,1,1,0,1,0,0,2,5,Not at intersection,3,100
T20060000636,205204,N,2461884.582,2423326.46,MELTON,MELTON,METROPOLITAN NORTH WEST REGION,SMALL_CITIES,-37.69016005,144.56782,3337,31/1/06,12:40:00,1,Collision with vehicle,3,Tuesday,152,PULLING OUT (OVERTAKING)                  ,MEL,40,102,B,6,1,Day,202803,2,2,1,0,0,1,1,5,Not at intersection,2,50
T20060000641,36408,I,2497636.268,2410321.506,MELBOURNE,MELBOURNE,METROPOLITAN NORTH WEST REGION,MELB_URBAN,-37.80811486,144.9731565,3002,31/1/06,14:20:00,4,Collision with a fixed object,3,Tuesday,181,OFF RIGHT BEND INTO OBJECT/PARKED VEHICLE          ,VCS,9,101,H,2,1,Day,202804,1,1,1,0,0,0,1,5,Not at intersection,2,100
T20060000652,201476,N,2434566.204,2402473.624,GEELONG,GEELONG,SOUTH WESTERN REGION,RURAL_VICTORIA,-37.87652374,144.2562273,3340,30/1/06,15:15:00,6,Vehicle overturned (no collision),2,Monday,180,OFF CARRIAGEWAY ON RIGHT BEND                ,VCS,9,83,J,6,1,Day,202805,1,1,0,1,0,0,1,5,Not at intersection,3,100
T20060000654,201556,N,2511866.6,2413556.78,MANNINGHAM,MANNINGHAM,METROPOLITAN SOUTH EAST REGION,MELB_URBAN,-37.77889201,145.1347096,3108,21/1/06,11:00:00,1,Collision with vehicle,7,Saturday,130,REAR END(VEHICLES IN SAME LANE)               ,MEL,40,170,A,6,1,Day,73687,2,2,1,0,0,1,2,2,T intersection,2,90
T20060000661,202798,N,2415867.059,2335810.806,SURF COAST,SURF COAST,SOUTH WESTERN REGION,RURAL_VICTORIA,-38.47551822,144.0360182,3231,31/1/06,17:50:00,1,Collision with vehicle,3,Tuesday,121,RIGHT THROUGH                        ,MEL,40,2B,A,12,1,Day,36198,2,3,1,0,0,2,1,2,T intersection,3,50
T20060000667,202799,N,2524555.136,2391788.511,CASEY,CASEY,METROPOLITAN SOUTH EAST REGION,MELB_URBAN,-37.9747706,145.2794747,3804,31/1/06,16:00:00,1,Collision with vehicle,3,Tuesday,113,RIGHT NEAR (INTERSECTIONS ONLY)               ,MEL,40,91,A,12,1,Day,43141,3,4,1,0,0,3,1,2,T intersection,2,80
T20060000697,20848,I,2624880.346,2360613.434,LATROBE,LATROBE,EASTERN REGION,RURAL_VICTORIA,-38.24751592,146.4265423,3840,31/1/06,2:55:00,1,Collision with vehicle,3,Tuesday,173,RIGHT OFF CARRIAGEWAY INTO OBJECT/PARKED VEHICLE      ,MEL,40,68,F,5,3,Dark Street lights on,55496,4,2,2,0,0,0,1,2,T intersection,2,60
T20060000705,205503,N,2505590.105,2362116.231,MORNINGTON PENINSULA,MORNINGTON PENINSULA,METROPOLITAN SOUTH EAST REGION,MELB_URBAN,-38.24239021,145.0638506,3931,31/1/06,18:30:00,1,Collision with vehicle,3,Tuesday,130,REAR END(VEHICLES IN SAME LANE)               ,MEL,40,431,K,7,1,Day,49660,3,5,0,2,0,3,1,2,T intersection,3,60
T20060000707,205205,N,2543102.052,2379237.195,CARDINIA,CARDINIA,METROPOLITAN SOUTH EAST REGION,SMALL_CITIES,-38.08717013,145.491301,3810,31/1/06,23:52:00,1,Collision with vehicle,3,Tuesday,130,REAR END(VEHICLES IN SAME LANE)               ,MEL,40,2E,C,10,3,Dark Street lights on,205230,2,6,1,0,0,5,1,5,Not at intersection,2,100
T20060000709,29889,N,2495430.681,2408506.453,MELBOURNE,MELBOURNE,METROPOLITAN NORTH WEST REGION,MELB_URBAN,-37.82446033,144.9480978,3008,31/1/06,12:40:00,4,Collision with a fixed object,3,Tuesday,183,OFF LEFT BEND INTO OBJECT/PARKED VEHICLE          ,MEL,40,168,H,11,1,Day,202808,1,1,0,1,0,0,1,5,Not at intersection,3,100
T20060000710,202800,N,2581050.393,2376859.326,BAW BAW,BAW BAW,EASTERN REGION,RURAL_VICTORIA,-38.10605011,145.9240995,3821,1/2/06,8:10:00,6,Vehicle overturned (no collision),4,Wednesday,170,OFF CARRIAGEWAY TO LEFT                   ,MEL,40,153,A,3,1,Day,203065,1,2,0,1,0,1,1,5,Not at intersection,2,100
T20060000720,202801,N,2363181.279,2312702.798,COLAC OTWAY,COLAC OTWAY,SOUTH WESTERN REGION,RURAL_VICTORIA,-38.67730011,143.4280698,3237,1/2/06,8:52:00,1,Collision with vehicle,4,Wednesday,121,RIGHT THROUGH                        ,MEL,40,2B,G,4,1,Day,36335,2,2,1,0,0,1,1,1,Cross intersection,2,60
T20060000722,43567,I,2504663.766,2364246.787,MORNINGTON PENINSULA,MORNINGTON PENINSULA,METROPOLITAN SOUTH EAST REGION,MELB_URBAN,-38.22320282,145.0532562,3931,1/2/06,9:10:00,6,Vehicle overturned (no collision),4,Wednesday,170,OFF CARRIAGEWAY TO LEFT                   ,MEL,40,206,D,6,1,Day,46898,1,1,0,1,0,0,1,2,T intersection,3,80
T20060000724,55440,I,2516061.539,2377092.677,FRANKSTON,FRANKSTON,METROPOLITAN SOUTH EAST REGION,MELB_URBAN,-38.10735259,145.1831267,3201,1/2/06,12:30:00,4,Collision with a fixed object,4,Wednesday,181,OFF RIGHT BEND INTO OBJECT/PARKED VEHICLE          ,MEL,40,140,J,12,1,Day,203141,1,1,1,0,0,0,1,5,Not at intersection,2,100
T20060000725,207,I,2496223.505,2409069.578,MELBOURNE,MELBOURNE,METROPOLITAN NORTH WEST REGION,MELBOURNE_CBD,-37.81939013,144.9571063,3000,11/1/06,17:05:00,1,Collision with vehicle,4,Wednesday,120,HEAD ON (NOT OVERTAKING)                  ,MEL,40,263,B,7,1,Day,201561,2,2,0,1,1,0,1,5,Not at intersection,1,80
T20060000726,205226,N,2515877.669,2386586.124,DANDENONG,DANDENONG,METROPOLITAN SOUTH EAST REGION,MELB_URBAN,-38.02182934,145.1808247,3173,1/2/06,15:00:00,1,Collision with vehicle,3,Wednesday,120,HEAD ON (NOT OVERTAKING)                  ,MEL,46,53,F,3,1,Day,633570,2,2,1,0,0,1,1,5,Not at intersection,2,50
T20060000727,205228,N,2479994.771,2409822.172,WYNDHAM,WYNDHAM,METROPOLITAN NORTH WEST REGION,MELB_URBAN,-37.81240181,144.7727998,3026,1/2/06,15:40:00,1,Collision with vehicle,4,Wednesday,110,CROSS TRAFFIC(INTERSECTIONS ONLY)              ,MEL,40,131,A,11,1,Day,29764,2,4,2,0,0,2,1,1,Cross intersection,2,80
T20060000733,202802,N,2692399.979,2386475.13,WELLINGTON,WELLINGTON,EASTERN REGION,RURAL_VICTORIA,-38.00301939,147.190815,3862,1/2/06,16:20:00,1,Collision with vehicle,4,Wednesday,110,CROSS TRAFFIC(INTERSECTIONS ONLY)              ,MEL,40,163,J,11,1,Day,44093,2,2,0,1,0,1,1,1,Cross intersection,3,100
T20060000742,202803,N,2510265.319,2371296.535,FRANKSTON,FRANKSTON,METROPOLITAN SOUTH EAST REGION,MELB_URBAN,-38.15965057,145.1171221,3199,30/1/06,12:30:00,8,No collision and no object struck,2,Monday,182,OFF CARRIAGEWAY ON LEFT BEND                ,VCS,9,103,C,6,1,Day,20884,1,1,0,1,0,0,1,2,T intersection,3,100
T20060000751,202804,N,2409635.915,2332080.316,SURF COAST,SURF COAST,SOUTH WESTERN REGION,RURAL_VICTORIA,-38.50852688,143.9641631,3232,1/2/06,15:40:00,1,Collision with vehicle,4,Wednesday,130,REAR END(VEHICLES IN SAME LANE)               ,VCS,9,561,P,11,1,Day,202816,2,4,0,3,0,1,1,5,Not at intersection,3,80
T20060000753,202805,N,2715245.121,2410710.576,EAST GIPPSLAND,EAST GIPPSLAND,EASTERN REGION,RURAL_VICTORIA,-37.77971923,147.4437566,3875,1/2/06,16:40:00,4,Collision with a fixed object,4,Wednesday,171,LEFT OFF CARRIAGEWAY INTO OBJECT/PARKED VEHICLE       ,MEL,40,2H,H,7,2,Dusk/Dawn,37356,1,1,0,1,0,0,1,2,T intersection,3,60
T20060000756,73687,I,2490308.648,2347200.258,MORNINGTON PENINSULA,MORNINGTON PENINSULA,METROPOLITAN SOUTH EAST REGION,MELB_URBAN,-38.37671686,144.8891063,3939,1/2/06,17:50:00,2,Struck Pedestrian,4,Wednesday,102,FAR SIDE. PED HIT BY VEHICLE FROM THE LEFT         ,MEL,40,2P,E,6,1,Day,205259,1,2,0,2,0,0,1,5,Not at intersection,3,60
T20060000758,36198,I,2496030.958,2410280.352,MELBOURNE,MELBOURNE,METROPOLITAN NORTH WEST REGION,MELB_URBAN,-37.8084802,144.9549258,3003,1/2/06,16:29:00,1,Collision with vehicle,4,Wednesday,120,HEAD ON (NOT OVERTAKING)                  ,VCS,9,453,H,12,1,Day,202817,2,3,2,0,0,1,1,5,Not at intersection,2,80
T20060000763,43141,I,2521549.728,2388691.478,CASEY,CASEY,METROPOLITAN SOUTH EAST REGION,MELB_URBAN,-38.00274736,145.2453596,3177,1/2/06,19:50:00,4,Collision with a fixed object,4,Wednesday,171,LEFT OFF CARRIAGEWAY INTO OBJECT/PARKED VEHICLE       ,MEL,40,401,F,1,2,Dusk/Dawn,202822,1,1,1,0,0,0,1,5,Not at intersection,2,70
T20060000764,55496,I,2504008.396,2401023.548,GLEN EIRA,GLEN EIRA,METROPOLITAN SOUTH EAST REGION,MELB_URBAN,-37.89188294,145.0455714,3163,1/2/06,21:50:00,4,Collision with a fixed object,4,Wednesday,171,LEFT OFF CARRIAGEWAY INTO OBJECT/PARKED VEHICLE       ,MEL,40,441,K,10,3,Dark Street lights on,202823,1,1,0,1,0,0,1,5,Not at intersection,3,70
T20060000765,49660,I,2443225.346,2380675.678,GEELONG,GEELONG,SOUTH WESTERN REGION,LARGE_PROVINCIAL_CITIES,-38.07347473,144.3529668,3214,1/2/06,21:35:00,4,Collision with a fixed object,4,Wednesday,171,LEFT OFF CARRIAGEWAY INTO OBJECT/PARKED VEHICLE       ,MEL,40,100A,K,5,5,Dark No street lights,26384,1,3,3,0,0,0,1,5,Not at intersection,2,100
T20060000768,205230,N,2494486.336,2408381.406,MELBOURNE,MELBOURNE,METROPOLITAN NORTH WEST REGION,MELB_URBAN,-37.82558189,144.9373702,3207,1/2/06,21:35:00,5,collision with some other object,4,Wednesday,166,STRUCK OBJECT ON CARRIAGEWAY                ,MEL,40,99,G,3,5,Dark No street lights,26385,1,1,1,0,0,0,1,5,Not at intersection,2,100
T20060000770,202808,N,2485125.997,2345100.584,MORNINGTON PENINSULA,MORNINGTON PENINSULA,METROPOLITAN SOUTH EAST REGION,RURAL_VICTORIA,-38.39556059,144.8297607,3941,2/2/06,2:50:00,4,Collision with a fixed object,5,Thursday,171,LEFT OFF CARRIAGEWAY INTO OBJECT/PARKED VEHICLE       ,VCS,9,565,S,3,3,Dark Street lights on,22510,1,1,0,0,1,0,1,1,Cross intersection,1,75
T20060000783,203065,N,2509941.503,2357882.702,MORNINGTON PENINSULA,MORNINGTON PENINSULA,METROPOLITAN SOUTH EAST REGION,RURAL_VICTORIA,-38.28048963,145.1136102,3933,30/1/06,21:56:00,1,Collision with vehicle,2,Monday,120,HEAD ON (NOT OVERTAKING)                  ,MEL,40,80,F,10,3,Dark Street lights on,801,2,2,0,1,0,1,1,5,Not at intersection,3,80
T20060000788,36335,I,2497215.937,2412081.035,MELBOURNE,"MELBOURNE,YARRA",METROPOLITAN NORTH WEST REGION,MELB_URBAN,-37.79226018,144.9683897,3053,31/1/06,15:30:00,4,Collision with a fixed object,3,Tuesday,171,LEFT OFF CARRIAGEWAY INTO OBJECT/PARKED VEHICLE       ,MEL,40,441,G,11,1,Day,55497,2,2,1,0,0,1,1,1,Cross intersection,2,75
T20060000788,36335,I,2497215.937,2412081.035,MELBOURNE,"MELBOURNE,YARRA",METROPOLITAN NORTH WEST REGION,MELB_URBAN,-37.79226018,144.9683897,3054,2/2/06,7:25:00,1,Collision with vehicle,5,Thursday,113,RIGHT NEAR (INTERSECTIONS ONLY)               ,MEL,40,2H,F,11,2,Dusk/Dawn,37331,2,3,1,0,0,2,1,1,Cross intersection,2,60
T20060000797,46898,N,2471896.334,2400760.414,WYNDHAM,WYNDHAM,METROPOLITAN NORTH WEST REGION,MELB_URBAN,-37.89383743,144.6804807,3030,2/2/06,8:30:00,1,Collision with vehicle,5,Thursday,121,RIGHT THROUGH                        ,MEL,40,14,C,7,1,Day,39580,2,3,0,1,0,2,1,2,T intersection,3,80
T20060000819,203141,N,2520759.901,2364145.778,MORNINGTON PENINSULA,MORNINGTON PENINSULA,METROPOLITAN SOUTH EAST REGION,RURAL_VICTORIA,-38.22389164,145.2370628,3912,28/1/06,17:45:00,5,collision with some other object,7,Saturday,175,OFF END OF ROAD/T-INTERSECTION.               ,VCS,9,76,E,5,1,Day,55774,1,1,0,1,0,0,1,2,T intersection,3,60
T20060000829,201561,N,2518079.889,2429665.179,NILLUMBIK,NILLUMBIK,METROPOLITAN NORTH WEST REGION,MELB_URBAN,-37.63364879,145.2048492,3099,2/2/06,9:55:00,2,Struck Pedestrian,5,Thursday,102,FAR SIDE. PED HIT BY VEHICLE FROM THE LEFT         ,MEL,40,30,A,10,1,Day,55498,1,4,1,0,0,3,1,2,T intersection,2,50
T20060000831,633570,N,2480699.878,2406675.693,WYNDHAM,WYNDHAM,METROPOLITAN NORTH WEST REGION,MELB_URBAN,-37.84076639,144.7807254,3026,12/1/06,3:20:00,4,Collision with a fixed object,5,Thursday,173,RIGHT OFF CARRIAGEWAY INTO OBJECT/PARKED VEHICLE      ,MEL,40,68,F,6,3,Dark Street lights on,201557,1,1,0,0,1,0,1,5,Not at intersection,1,60
T20060000835,29764,N,2529174.592,2379055.846,CASEY,CASEY,METROPOLITAN SOUTH EAST REGION,MELB_URBAN,-38.08934678,145.3325569,3978,2/2/06,10:30:00,1,Collision with vehicle,5,Thursday,110,CROSS TRAFFIC(INTERSECTIONS ONLY)              ,MEL,40,149,D,8,1,Day,73111,2,3,1,0,0,2,1,1,Cross intersection,2,100
T20060000838,44093,I,2512734.847,2349770.74,MORNINGTON PENINSULA,MORNINGTON PENINSULA,METROPOLITAN SOUTH EAST REGION,RURAL_VICTORIA,-38.3535262,145.145674,3926,2/2/06,12:10:00,1,Collision with vehicle,5,Thursday,130,REAR END(VEHICLES IN SAME LANE)               ,MEL,40,2G,G,10,1,Day,202828,2,2,0,1,0,1,2,5,Not at intersection,3,50
T20060000839,20884,N,2598695.378,2304791.404,SOUTH GIPPSLAND,SOUTH GIPPSLAND,EASTERN REGION,RURAL_VICTORIA,-38.75342026,146.1350587,3960,23/1/06,13:00:00,4,Collision with a fixed object,2,Monday,181,OFF RIGHT BEND INTO OBJECT/PARKED VEHICLE          ,VCS,9,22,F,8,1,Day,201521,1,1,0,0,1,0,1,5,Not at intersection,1,100
T20060000841,202816,N,2394760.792,2441134.088,BALLARAT,BALLARAT,WESTERN REGION,LARGE_PROVINCIAL_CITIES,-37.52454906,143.8093017,3355,31/1/06,15:00:00,1,Collision with vehicle,3,Tuesday,131,LEFT REAR                          ,MEL,40,468,G,2,1,Day,202810,2,2,0,1,0,1,2,5,Not at intersection,3,50
T20060000844,37356,I,2501275.202,2408978.204,YARRA,YARRA,METROPOLITAN NORTH WEST REGION,MELB_URBAN,-37.8202202,145.014484,3121,2/2/06,16:20:00,1,Collision with vehicle,5,Thursday,110,CROSS TRAFFIC(INTERSECTIONS ONLY)              ,MEL,40,54,H,11,1,Day,39912,2,2,1,0,0,1,1,1,Cross intersection,2,50
T20060000847,205259,N,2498655.718,2404308.996,PORT PHILLIP,PORT PHILLIP,METROPOLITAN NORTH WEST REGION,MELB_URBAN,-37.86228938,144.9847229,3182,2/2/06,17:40:00,1,Collision with vehicle,5,Thursday,135,LANE CHANGE LEFT (NOT OVERTAKING)              ,MEL,40,80,J,6,1,Day,202830,2,2,0,1,0,1,1,5,Not at intersection,3,60
T20060000856,202817,N,2435973.377,2356329.221,SURF COAST,SURF COAST,SOUTH WESTERN REGION,RURAL_VICTORIA,-38.29231998,144.2681898,3217,2/2/06,5:15:00,6,Vehicle overturned (no collision),5,Thursday,174,OUT OF CONTROL ON CARRIAGEWAY (ON STRAIGHT)         ,MEL,40,40,G,10,2,Dusk/Dawn,202831,1,1,1,0,0,0,1,5,Not at intersection,2,80
T20060000858,202822,N,2443550.574,2373008.03,GEELONG,GEELONG,SOUTH WESTERN REGION,LARGE_PROVINCIAL_CITIES,-38.14256943,144.3560821,3220,16/1/06,15:00:00,6,Vehicle overturned (no collision),2,Monday,179,OTHER ACCIDENTS-OFF STRAIGHT NOT INCLUDED IN DCAs 170-175  ,VCS,9,23,D,9,1,Day,201515,2,2,0,0,1,1,1,5,Not at intersection,1,100
T20060000865,202823,N,2443153.327,2374685.891,GEELONG,GEELONG,SOUTH WESTERN REGION,LARGE_PROVINCIAL_CITIES,-38.12743016,144.3516812,3214,2/2/06,18:40:00,1,Collision with vehicle,5,Thursday,130,REAR END(VEHICLES IN SAME LANE)               ,VCS,9,693,P,9,1,Day,205263,2,2,1,0,0,1,1,5,Not at intersection,3,100
T20060000867,26384,N,2511972.558,2373496.6,FRANKSTON,FRANKSTON,METROPOLITAN SOUTH EAST REGION,MELB_URBAN,-38.13981054,145.1365648,3199,18/1/06,23:20:00,3,Struck animal,4,Wednesday,167,STRUCK ANIMAL                        ,VCS,9,21,D,6,5,Dark No street lights,201562,1,6,3,2,1,0,1,5,Not at intersection,1,100
T20060000868,26385,N,2512288.579,2377463.381,FRANKSTON,FRANKSTON,METROPOLITAN SOUTH EAST REGION,MELB_URBAN,-38.10407069,145.1401029,3198,3/2/06,7:40:00,2,Struck Pedestrian,6,Friday,100,PED NEAR SIDE. PED HIT BY VEHICLE FROM THE RIGHT.      ,MEL,40,90,B,2,1,Day,205267,1,2,1,0,0,1,1,5,Not at intersection,2,60
T20060000871,22510,I,2395925.186,2439533.427,BALLARAT,BALLARAT,WESTERN REGION,LARGE_PROVINCIAL_CITIES,-37.539102,143.8222505,3355,3/2/06,6:50:00,4,Collision with a fixed object,6,Friday,173,RIGHT OFF CARRIAGEWAY INTO OBJECT/PARKED VEHICLE      ,VCS,9,688,G,8,2,Dusk/Dawn,26074,1,1,1,0,0,0,1,2,T intersection,2,60
T20060000876,801,I,2515779.734,2394162.432,DANDENONG,DANDENONG,METROPOLITAN SOUTH EAST REGION,MELB_URBAN,-37.95357355,145.1795467,3174,20/1/06,8:40:00,4,Collision with a fixed object,6,Friday,183,OFF LEFT BEND INTO OBJECT/PARKED VEHICLE          ,VCS,9,61,C,3,1,Day,201563,1,1,0,0,1,0,1,5,Not at intersection,1,110
T20060000877,55497,I,2442089.358,2374302.65,GEELONG,GEELONG,SOUTH WESTERN REGION,LARGE_PROVINCIAL_CITIES,-38.1308167,144.339517,3214,1/2/06,19:10:00,4,Collision with a fixed object,4,Wednesday,173,RIGHT OFF CARRIAGEWAY INTO OBJECT/PARKED VEHICLE      ,MEL,40,13,H,8,2,Dusk/Dawn,39255,2,2,0,1,0,1,1,2,T intersection,3,60