ACCIDENT_NO,NODE_ID,NODE_TYPE,VICGRID94_X,VICGRID94_Y,LGA_NAME,LGA_NAME_ALL,REGION_NAME,DEG_URBAN_NAME,Lat,Long,POSTCODE_NO,ACCIDENTDATE,ACCIDENTTIME,ACCIDENT_TYPE,Accident Type Desc,DAY_OF_WEEK,Day Week Description,DCA_CODE,DCA Description,DIRECTORY,EDITION,PAGE,GRID_REFERENCE_X,GRID_REFERENCE_Y,LIGHT_CONDITION,Light Condition Desc,NODE_ID,NO_OF_VEHICLES,NO_PERSONS,NO_PERSONS_INJ_2,NO_PERSONS_INJ_3,NO_PERSONS_KILLED,NO_PERSONS_NOT_INJ,POLICE_ATTEND,ROAD_GEOMETRY,Road Geometry Desc,SEVERITY,SPEED_ZONE
T20060001156,205234,N,2479817.607,2401953.268,HOBSONS BAY,HOBSONS BAY,METROPOLITAN NORTH WEST REGION,MELB_URBAN,-37.88329592,144.7705723,3028,2/2/06,22:00:00,1,Collision with vehicle,5,Thursday,130,REAR END(VEHICLES IN SAME LANE)               ,MEL,40,206,G,2,3,Dark Street lights on,206534,2,2,0,1,0,1,2,5,Not at intersection,3,70
T20060001160,35619,I,2518809.017,2390689.202,DANDENONG,DANDENONG,METROPOLITAN SOUTH EAST REGION,MELB_URBAN,-37.98480886,145.2141035,3175,7/2/06,2:58:00,1,Collision with vehicle,3,Tuesday,110,CROSS TRAFFIC(INTERSECTIONS ONLY)              ,MEL,40,80,A,4,3,Dark Street lights on,793,2,2,1,1,0,0,1,1,Cross intersection,2,80
T20060001162,55778,I,2490022.65,2411640.538,MARIBYRNONG,MARIBYRNONG,METROPOLITAN NORTH WEST REGION,MELB_URBAN,-37.79617978,144.8867112,3011,1/1/06,1:15:00,2,Struck Pedestrian,1,Sunday,106,VEH STRIKES PED ON FOOTPATH/MEDIAN/TRAFFIC ISLAND.,MEL,40,100A,F,6,3,Dark Street lights on,43466,2,3,0,1,0,2,1,2,T intersection,3,60
T20060001164,43517,I,2513255.85,2372262.299,FRANKSTON,FRANKSTON,METROPOLITAN SOUTH EAST REGION,MELB_URBAN,-38.15091243,145.151225,3199,7/2/06,6:35:00,1,Collision with vehicle,3,Tuesday,113,RIGHT NEAR (INTERSECTIONS ONLY)               ,MEL,40,358,K,3,2,Dusk/Dawn,48996,2,2,2,0,0,0,1,2,T intersection,2,60
T20060001170,202857,N,2511388.174,2371449.678,FRANKSTON,FRANKSTON,METROPOLITAN SOUTH EAST REGION,MELB_URBAN,-38.15825784,145.1299309,3199,7/2/06,8:15:00,8,No collision and no object struck,3,Tuesday,174,OUT OF CONTROL ON CARRIAGEWAY (ON STRAIGHT)         ,MEL,40,88,A,7,1,Day,841,2,2,0,1,0,1,2,1,Cross intersection,3,70
T20060001172,205278,N,2515744.427,2390929.55,DANDENONG,DANDENONG,METROPOLITAN SOUTH EAST REGION,MELB_URBAN,-37.98270052,145.1792142,3174,7/2/06,8:40:00,1,Collision with vehicle,3,Tuesday,140,U TURN                           ,MEL,40,128,J,8,1,Day,202825,2,2,1,0,0,1,1,5,Not at intersection,3,80
T20060001175,201520,N,2623040.758,2365254.636,LATROBE,LATROBE,EASTERN REGION,RURAL_VICTORIA,-38.20595784,146.404749,3840,4/1/06,8:10:00,4,Collision with a fixed object,4,Wednesday,171,LEFT OFF CARRIAGEWAY INTO OBJECT/PARKED VEHICLE       ,MEL,40,16,C,10,1,Day,202186,1,1,0,1,0,0,1,5,Not at intersection,2,80
T20060001178,205279,N,2499763.513,2344521.56,MORNINGTON PENINSULA,MORNINGTON PENINSULA,METROPOLITAN SOUTH EAST REGION,RURAL_VICTORIA,-38.40089583,144.9972931,3928,3/1/06,6:40:00,4,Collision with a fixed object,3,Tuesday,173,RIGHT OFF CARRIAGEWAY INTO OBJECT/PARKED VEHICLE      ,VCS,9,613,L,1,1,Day,205235,1,1,1,0,0,0,1,5,Not at intersection,2,60
T20060001180,205280,N,2492577.011,2337270.343,MORNINGTON PENINSULA,MORNINGTON PENINSULA,METROPOLITAN SOUTH EAST REGION,RURAL_VICTORIA,-38.46617899,144.9149606,3939,4/1/06,9:00:00,4,Collision with a fixed object,4,Wednesday,171,LEFT OFF CARRIAGEWAY INTO OBJECT/PARKED VEHICLE       ,MEL,40,25,H,12,1,Day,202188,1,1,0,1,0,0,1,5,Not at intersection,2,100
T20060001191,38517,I,2483129.399,2407876.01,WYNDHAM,WYNDHAM,METROPOLITAN NORTH WEST REGION,MELB_URBAN,-37.82999884,144.8083553,3026,2/1/06,11:30:00,4,Collision with a fixed object,2,Monday,171,LEFT OFF CARRIAGEWAY INTO OBJECT/PARKED VEHICLE       ,VCS,9,93,C,7,1,Day,53535,1,1,1,0,0,0,2,2,T intersection,3,100
T20060001196,36753,I,2484473.547,2417184.266,BRIMBANK,BRIMBANK,METROPOLITAN NORTH WEST REGION,MELB_URBAN,-37.74615372,144.82382,3021,7/2/06,11:00:00,3,Struck animal,3,Tuesday,167,STRUCK ANIMAL                        ,VCS,9,58,D,2,1,Day,202826,1,2,0,1,0,1,2,5,Not at intersection,3,100
T20060001198,201516,N,2519331.374,2562103.051,SHEPPARTON,SHEPPARTON,NORTH EASTERN REGION,RURAL_VICTORIA,-36.4401007,145.21563,3616,7/2/06,11:30:00,1,Collision with vehicle,3,Tuesday,116,LEFT NEAR (INTERSECTIONS ONLY)               ,MEL,40,77,B,4,1,Day,42125,2,2,0,1,0,1,1,1,Cross intersection,3,70
T20060001198,201516,N,2519331.374,2562103.051,SHEPPARTON,SHEPPARTON,NORTH EASTERN REGION,TOWNS,-36.4401007,145.21563,3616,7/2/06,10:35:00,6,Vehicle overturned (no collision),3,Tuesday,180,OFF CARRIAGEWAY ON RIGHT BEND                ,VCS,9,92,H,6,1,Day,202827,1,1,1,0,0,0,1,5,Not at intersection,2,100
T20060001200,201564,N,2371397.178,2359210.458,COLAC OTWAY,COLAC OTWAY,SOUTH WESTERN REGION,RURAL_VICTORIA,-38.25964265,143.5306941,3249,7/2/06,2:20:00,4,Collision with a fixed object,3,Tuesday,189,OTHER ACCIDENTS ON CURVE NOT INCLUDED IN DCAs 180-184    ,VCS,9,682,A,4,9,Unknown,56204,1,1,0,1,0,0,1,2,T intersection,3,80
T20060001201,29836,I,2478062.392,2410016.595,WYNDHAM,WYNDHAM,METROPOLITAN NORTH WEST REGION,RURAL_VICTORIA,-37.81060649,144.7508595,3029,7/2/06,13:45:00,1,Collision with vehicle,3,Tuesday,121,RIGHT THROUGH                        ,MEL,40,431,J,10,1,Day,49699,2,3,0,1,0,2,1,2,T intersection,3,60
T20060001209,55501,I,2624136.805,2361925.461,LATROBE,LATROBE,EASTERN REGION,SMALL_CITIES,-38.23579833,146.4178267,3840,5/2/06,3:45:00,4,Collision with a fixed object,1,Sunday,173,RIGHT OFF CARRIAGEWAY INTO OBJECT/PARKED VEHICLE      ,MEL,40,451,F,4,3,Dark Street lights on,55499,1,2,2,0,0,0,1,2,T intersection,2,50
T20060001210,49719,I,2443563.517,2378680.332,GEELONG,GEELONG,SOUTH WESTERN REGION,LARGE_PROVINCIAL_CITIES,-38.0914709,144.356667,3214,1/1/06,1:30:00,4,Collision with a fixed object,1,Sunday,173,RIGHT OFF CARRIAGEWAY INTO OBJECT/PARKED VEHICLE      ,VCS,9,453,H,11,5,Dark No street lights,202064,1,1,0,1,0,0,1,5,Not at intersection,3,100
T20060001231,57654,I,2511990.336,2370878.054,FRANKSTON,FRANKSTON,METROPOLITAN SOUTH EAST REGION,MELB_URBAN,-38.16339975,145.1368105,3199,7/2/06,15:20:00,1,Collision with vehicle,3,Tuesday,110,CROSS TRAFFIC(INTERSECTIONS ONLY)              ,MEL,40,444,J,7,1,Day,49795,2,2,0,1,0,1,1,1,Cross intersection,2,50
T20060001238,205344,N,2555181.345,2381010.237,CARDINIA,CARDINIA,METROPOLITAN SOUTH EAST REGION,RURAL_VICTORIA,-38.07055695,145.6288504,3813,6/2/06,21:50:00,1,Collision with vehicle,2,Monday,140,U TURN                           ,MEL,40,2A,G,4,3,Dark Street lights on,19,2,2,0,2,0,0,1,5,Not at intersection,3,60
T20060001252,202866,N,2500070.398,2403836.271,GLEN EIRA,"GLEN EIRA,PORT PHILLIP",METROPOLITAN SOUTH EAST REGION,MELB_URBAN,-37.86654953,145.0008001,3183,22/1/06,17:45:00,1,Collision with vehicle,1,Sunday,121,RIGHT THROUGH                        ,VCS,9,565,U,11,1,Day,52958,2,2,0,1,0,1,2,1,Cross intersection,3,60
T20060001253,36708,I,2514708.235,2378040.432,FRANKSTON,FRANKSTON,METROPOLITAN SOUTH EAST REGION,MELB_URBAN,-38.0988369,145.1676779,3201,24/1/06,21:30:00,1,Collision with vehicle,3,Tuesday,133,LANE SIDE SWIPE (VEHICLES IN PARALLEL LANES)        ,MEL,40,136,B,4,3,Dark Street lights on,205236,2,2,1,0,0,1,2,5,Not at intersection,2,50
T20060001255,202867,N,2397706.303,2437555.532,BALLARAT,BALLARAT,WESTERN REGION,LARGE_PROVINCIAL_CITIES,-37.55712024,143.842132,3350,7/2/06,16:15:00,1,Collision with vehicle,3,Tuesday,121,RIGHT THROUGH                        ,MEL,40,79,C,3,1,Day,42410,4,4,1,0,0,3,1,2,T intersection,2,60
T20060001258,202868,N,2524225.68,2384054.334,CASEY,CASEY,METROPOLITAN SOUTH EAST REGION,MELB_URBAN,-38.04445812,145.2759802,3976,7/2/06,16:10:00,1,Collision with vehicle,3,Tuesday,120,HEAD ON (NOT OVERTAKING)                  ,MEL,40,163,F,11,1,Day,202836,2,2,1,1,0,0,1,5,Not at intersection,2,100
T20060001260,205345,N,2499945.412,2409159.833,YARRA,YARRA,METROPOLITAN NORTH WEST REGION,MELB_URBAN,-37.81858459,144.99938,3121,7/2/06,16:30:00,1,Collision with vehicle,3,Tuesday,130,REAR END(VEHICLES IN SAME LANE)               ,MEL,40,77,H,12,1,Day,205349,4,6,0,1,0,5,1,5,Not at intersection,3,80
T20060001262,202870,N,2512176.548,2375120.992,FRANKSTON,FRANKSTON,METROPOLITAN SOUTH EAST REGION,MELB_URBAN,-38.12517423,145.1388646,3198,7/2/06,20:25:00,1,Collision with vehicle,3,Tuesday,121,RIGHT THROUGH                        ,VCS,9,709,N,9,2,Dusk/Dawn,52313,2,3,1,0,0,2,1,1,Cross intersection,2,60
T20060001262,202870,N,2512176.548,2375120.992,FRANKSTON,FRANKSTON,METROPOLITAN SOUTH EAST REGION,MELB_URBAN,-38.12517423,145.1388646,3199,7/2/06,18:10:00,1,Collision with vehicle,3,Tuesday,121,RIGHT THROUGH                        ,MEL,40,465,J,1,1,Day,50175,2,2,0,1,0,1,1,1,Cross intersection,3,60
T20060001264,206534,N,2473141.206,2402419.206,WYNDHAM,WYNDHAM,METROPOLITAN NORTH WEST REGION,MELB_URBAN,-37.878929,144.6946944,3029,7/2/06,21:44:00,1,Collision with vehicle,3,Tuesday,110,CROSS TRAFFIC(INTERSECTIONS ONLY)              ,MEL,40,58,K,12,3,Dark Street lights on,40232,2,2,1,0,0,1,1,1,Cross intersection,2,60
T20060001265,793,I,2513733.359,2396501.501,MONASH,MONASH,METROPOLITAN SOUTH EAST REGION,MELB_URBAN,-37.93253217,145.1562187,3170,8/2/06,0:45:00,6,Vehicle overturned (no collision),4,Wednesday,180,OFF CARRIAGEWAY ON RIGHT BEND                ,VCS,9,80,H,9,5,Dark No street lights,202996,1,1,0,1,0,0,2,5,Not at intersection,3,100
T20060001270,43466,I,2511353.051,2373238.251,FRANKSTON,FRANKSTON,METROPOLITAN SOUTH EAST REGION,MELB_URBAN,-38.14214571,145.1295024,3199,4/1/06,14:10:00,4,Collision with a fixed object,4,Wednesday,183,OFF LEFT BEND INTO OBJECT/PARKED VEHICLE          ,VCS,9,58,C,5,1,Day,202201,1,2,0,2,0,0,1,5,Not at intersection,3,100
T20060001276,48996,I,2478161.468,2416425.622,MELTON,MELTON,METROPOLITAN NORTH WEST REGION,MELB_URBAN,-37.75286264,144.7521742,3023,8/2/06,7:55:00,1,Collision with vehicle,4,Wednesday,130,REAR END(VEHICLES IN SAME LANE)               ,,,,,,1,Day,-1,6,6,0,3,0,3,1,5,Not at intersection,3,70
T20060001290,841,I,2509597.389,2390504.419,KINGSTON,KINGSTON,METROPOLITAN SOUTH EAST REGION,MELB_URBAN,-37.98661458,145.1092499,3172,7/2/06,21:20:00,1,Collision with vehicle,3,Tuesday,135,LANE CHANGE LEFT (NOT OVERTAKING)              ,MEL,40,25,H,8,3,Dark Street lights on,202845,2,2,1,0,0,1,1,5,Not at intersection,2,80
T20060001290,841,I,2509597.389,2390504.419,KINGSTON,KINGSTON,METROPOLITAN SOUTH EAST REGION,MELB_URBAN,-37.98661458,145.1092499,3194,8/2/06,8:00:00,1,Collision with vehicle,4,Wednesday,130,REAR END(VEHICLES IN SAME LANE)               ,MEL,40,202,F,5,1,Day,108244,3,6,0,1,0,5,1,5,Not at intersection,3,80
T20060001290,841,I,2509597.389,2390504.419,KINGSTON,KINGSTON,METROPOLITAN SOUTH EAST REGION,MELB_URBAN,-37.98661458,145.1092499,3195,2/1/06,11:30:00,4,Collision with a fixed object,2,Monday,173,RIGHT OFF CARRIAGEWAY INTO OBJECT/PARKED VEHICLE      ,,,,,,1,Day,-3,1,1,0,1,0,0,2,5,Not at intersection,3,50
T20060001297,202825,N,2520871.241,2380397.172,DANDENONG,"DANDENONG,FRANKSTON",METROPOLITAN SOUTH EAST REGION,MELB_URBAN,-38.07748703,145.2378705,3975,8/2/06,6:40:00,1,Collision with vehicle,4,Wednesday,113,RIGHT NEAR (INTERSECTIONS ONLY)               ,MEL,40,214,A,2,1,Day,35668,2,3,1,1,0,1,1,2,T intersection,3,80
T20060001297,202825,N,2520871.241,2380397.172,DANDENONG,"DANDENONG,FRANKSTON",METROPOLITAN SOUTH EAST REGION,MELB_URBAN,-38.07748703,145.2378705,3977,1/1/06,8:14:00,4,Collision with a fixed object,1,Sunday,173,RIGHT OFF CARRIAGEWAY INTO OBJECT/PARKED VEHICLE      ,VCS,9,40,C,2,2,Dusk/Dawn,202063,1,3,0,3,0,0,1,5,Not at intersection,3,100
T20060001305,202186,N,2491143.567,2418406.225,MOONEE VALLEY,MOONEE VALLEY,METROPOLITAN NORTH WEST REGION,MELB_URBAN,-37.73523082,144.8995199,3041,29/1/06,14:20:00,4,Collision with a fixed object,1,Sunday,181,OFF RIGHT BEND INTO OBJECT/PARKED VEHICLE          ,,,,,,1,Day,-3,1,3,0,3,0,0,1,5,Not at intersection,3,100
T20060001311,205235,N,2432111.925,2523006.981,BENDIGO,BENDIGO,NORTHERN REGION,LARGE_PROVINCIAL_CITIES,-36.790209,144.2392789,3555,8/2/06,10:15:00,4,Collision with a fixed object,4,Wednesday,171,LEFT OFF CARRIAGEWAY INTO OBJECT/PARKED VEHICLE       ,MEL,40,80,J,8,1,Day,202847,1,2,2,0,0,0,1,5,Not at intersection,2,60
T20060001315,202188,N,2481462.583,2412876.907,BRIMBANK,BRIMBANK,METROPOLITAN NORTH WEST REGION,MELB_URBAN,-37.78490881,144.7895464,3020,8/2/06,11:35:00,1,Collision with vehicle,4,Wednesday,113,RIGHT NEAR (INTERSECTIONS ONLY)               ,MEL,40,69,E,1,1,Day,41548,2,2,1,0,0,1,1,2,T intersection,2,60
T20060001324,53535,N,2422672.381,2351899.973,SURF COAST,SURF COAST,SOUTH WESTERN REGION,RURAL_VICTORIA,-38.33119949,144.1157001,3230,7/2/06,13:50:00,1,Collision with vehicle,3,Tuesday,130,REAR END(VEHICLES IN SAME LANE)               ,MEL,40,102,G,6,1,Day,53582,2,3,0,1,0,2,2,2,T intersection,2,50
T20060001339,202826,N,2385671.723,2493516.425,CENTRAL GOLDFIELDS,CENTRAL GOLDFIELDS,WESTERN REGION,RURAL_VICTORIA,-37.0514743,143.7144806,3465,8/2/06,12:03:00,4,Collision with a fixed object,4,Wednesday,173,RIGHT OFF CARRIAGEWAY INTO OBJECT/PARKED VEHICLE      ,VCS,9,696,G,7,1,Day,49187,1,2,1,1,0,0,1,1,Cross intersection,2,60
T20060001341,42125,I,2502260.843,2396579.35,BAYSIDE,BAYSIDE,METROPOLITAN SOUTH EAST REGION,MELB_URBAN,-37.93192955,145.0257172,3187,8/2/06,14:27:00,4,Collision with a fixed object,4,Wednesday,175,OFF END OF ROAD/T-INTERSECTION.               ,VCS,9,73,C,4,1,Day,26095,1,1,1,0,0,0,1,2,T intersection,2,100
T20060001341,42125,I,2502260.843,2396579.35,BAYSIDE,BAYSIDE,METROPOLITAN SOUTH EAST REGION,MELB_URBAN,-37.93192955,145.0257172,3188,8/2/06,14:48:00,1,Collision with vehicle,4,Wednesday,134,LANE CHANGE RIGHT (NOT OVERTAKING)             ,MEL,40,2C,C,12,1,Day,202854,2,3,1,0,0,2,1,5,Not at intersection,3,60
T20060001347,202827,N,2410383.102,2353898.325,SURF COAST,SURF COAST,SOUTH WESTERN REGION,RURAL_VICTORIA,-38.31208988,143.9754189,3241,8/2/06,16:55:00,1,Collision with vehicle,4,Wednesday,121,RIGHT THROUGH                        ,MEL,40,111,C,10,1,Day,29449,3,4,2,0,0,2,1,2,T intersection,3,80
T20060001353,56204,N,2520946.058,2447173.854,MURRINDINDI,"MURRINDINDI,MURRINDINDI",NORTH EASTERN REGION,SMALL_TOWNS,-37.47581997,145.2368299,3757,8/2/06,19:35:00,4,Collision with a fixed object,4,Wednesday,181,OFF RIGHT BEND INTO OBJECT/PARKED VEHICLE          ,MEL,40,99,H,5,1,Day,202855,1,1,1,0,0,0,1,5,Not at intersection,2,60
T20060001360,49699,I,2442833.612,2379400.034,GEELONG,GEELONG,SOUTH WESTERN REGION,LARGE_PROVINCIAL_CITIES,-38.0849426,144.348403,3214,8/2/06,18:50:00,1,Collision with vehicle,4,Wednesday,148,VEHICLE OFF FOOTPATH STRIKES VEH ON CARRIAGEWAY,MEL,40,20,B,9,1,Day,1215,2,2,0,1,0,1,1,2,T intersection,3,50
T20060001363,55499,I,2441371.773,2372236.513,GEELONG,GEELONG,SOUTH WESTERN REGION,LARGE_PROVINCIAL_CITIES,-38.14938426,144.3311675,3220,27/1/06,22:00:00,1,Collision with vehicle,6,Friday,131,LEFT REAR                          ,MEL,40,48,F,3,3,Dark Street lights on,39491,2,3,0,1,0,2,2,1,Cross intersection,3,60
T20060001365,202064,N,2436082.737,2358643.654,SURF COAST,SURF COAST,SOUTH WESTERN REGION,RURAL_VICTORIA,-38.2714798,144.2696427,3217,8/2/06,15:45:00,8,No collision and no object struck,4,Wednesday,182,OFF CARRIAGEWAY ON LEFT BEND                ,MEL,40,74,C,8,1,Day,205381,1,1,0,1,0,0,2,5,Not at intersection,3,999
T20060001366,49795,I,2469869.077,2376022.808,GEELONG,GEELONG,SOUTH WESTERN REGION,TOWNS,-38.11664017,144.6564173,3223,8/2/06,15:45:00,2,Struck Pedestrian,4,Wednesday,102,FAR SIDE. PED HIT BY VEHICLE FROM THE LEFT         ,MEL,40,2S,A,6,1,Day,202858,1,2,0,1,0,1,1,5,Not at intersection,3,60
T20060001369,19,I,2495218.444,2412083.884,MELBOURNE,MELBOURNE,METROPOLITAN NORTH WEST REGION,MELB_URBAN,-37.79222639,144.9457102,3051,7/2/06,4:45:00,4,Collision with a fixed object,3,Tuesday,173,RIGHT OFF CARRIAGEWAY INTO OBJECT/PARKED VEHICLE      ,MEL,40,133,K,5,3,Dark Street lights on,29768,1,1,0,1,0,0,1,2,T intersection,3,60
T20060001369,19,I,2495218.444,2412083.884,MELBOURNE,MELBOURNE,METROPOLITAN NORTH WEST REGION,MELB_URBAN,-37.79222639,144.9457102,3052,6/1/06,22:40:00,4,Collision with a fixed object,6,Friday,171,LEFT OFF CARRIAGEWAY INTO OBJECT/PARKED VEHICLE       ,MEL,40,77,C,2,3,Dark Street lights on,202187,1,1,0,1,0,0,1,5,Not at intersection,3,60
T20060001374,52958,I,2397217.098,2435629.185,BALLARAT,BALLARAT,WESTERN REGION,LARGE_PROVINCIAL_CITIES,-37.57442331,143.8363287,3350,9/2/06,5:54:00,1,Collision with vehicle,5,Thursday,121,RIGHT THROUGH                        ,MEL,40,54,G,2,3,Dark Street lights on,205382,2,2,1,0,0,1,1,5,Not at intersection,2,80
T20060001376,205236,N,2518077.729,2372434.479,FRANKSTON,FRANKSTON,METROPOLITAN SOUTH EAST REGION,MELB_URBAN,-38.14927978,145.2062294,3910,2/1/06,19:00:00,4,Collision with a fixed object,2,Monday,183,OFF LEFT BEND INTO OBJECT/PARKED VEHICLE          ,MEL,40,86,H,7,2,Dusk/Dawn,42743,1,2,1,0,0,1,2,2,T intersection,2,60
T20060001379,42410,I,2510577.252,2396929.406,KINGSTON,"KINGSTON,MONASH",METROPOLITAN SOUTH EAST REGION,MELB_URBAN,-37.92871822,145.1203115,3168,9/2/06,8:30:00,2,Struck Pedestrian,5,Thursday,101,PED EMERGES FROM IN FRONT OF PARKED OR STATIONARY VEHICLE  ,MEL,40,205,K,5,1,Day,205383,1,2,0,1,0,1,1,5,Not at intersection,3,40
T20060001379,42410,I,2510577.252,2396929.406,KINGSTON,"KINGSTON,MONASH",METROPOLITAN SOUTH EAST REGION,MELB_URBAN,-37.92871822,145.1203115,3169,5/2/06,18:50:00,1,Collision with vehicle,1,Sunday,111,RIGHT FAR (INTERSECTIONS ONLY)               ,MEL,40,56,K,3,1,Day,48666,2,2,0,1,0,1,2,1,Cross intersection,3,50
T20060001384,202836,N,2511813.096,2349774.056,MORNINGTON PENINSULA,MORNINGTON PENINSULA,METROPOLITAN SOUTH EAST REGION,RURAL_VICTORIA,-38.35350858,145.13513,3926,9/2/06,8:35:00,1,Collision with vehicle,5,Thursday,110,CROSS TRAFFIC(INTERSECTIONS ONLY)              ,MEL,40,2L,G,8,1,Day,37651,2,2,0,1,0,1,1,1,Cross intersection,3,50
T20060001386,205349,N,2504685.648,2393531.458,KINGSTON,KINGSTON,METROPOLITAN SOUTH EAST REGION,MELB_URBAN,-37.95938053,145.0533188,3192,9/2/06,8:45:00,2,Struck Pedestrian,5,Thursday,102,FAR SIDE. PED HIT BY VEHICLE FROM THE LEFT         ,MEL,40,13,G,12,1,Day,39195,1,3,0,1,0,2,1,1,Cross intersection,2,60
T20060001395,52313,I,2571297.252,2340333.839,SOUTH GIPPSLAND,SOUTH GIPPSLAND,EASTERN REGION,TOWNS,-38.43586187,145.816476,3950,9/2/06,10:25:00,1,Collision with vehicle,5,Thursday,147,VEHICLE STRIKES ANOTHER VEH WHILE EMERGING FROM DRIVEWAY,MEL,40,87,B,6,1,Day,232645,2,3,1,0,0,2,1,5,Not at intersection,2,110
T20060001396,50175,I,2442869.759,2368773.486,GEELONG,GEELONG,SOUTH WESTERN REGION,LARGE_PROVINCIAL_CITIES,-38.18067398,144.3479854,3216,6/2/06,22:00:00,8,No collision and no object struck,2,Monday,174,OUT OF CONTROL ON CARRIAGEWAY (ON STRAIGHT)         ,MEL,40,102,J,3,3,Dark Street lights on,57648,1,1,0,1,0,0,2,2,T intersection,3,70
T20060001402,40232,I,2501560.302,2403253.054,GLEN EIRA,GLEN EIRA,METROPOLITAN SOUTH EAST REGION,MELB_URBAN,-37.87180291,145.0177343,3161,8/2/06,18:25:00,2,Struck Pedestrian,4,Wednesday,100,PED NEAR SIDE. PED HIT BY VEHICLE FROM THE RIGHT.      ,MEL,40,56,C,8,1,Day,90235,1,2,0,1,0,1,2,5,Not at intersection,3,50
T20060001406,202996,N,2584471.794,2394559.975,BAW BAW,BAW BAW,EASTERN REGION,RURAL_VICTORIA,-37.94628442,145.9610688,3831,8/2/06,7:05:00,1,Collision with vehicle,4,Wednesday,130,REAR END(VEHICLES IN SAME LANE)               ,MEL,40,97,D,10,1,Day,103667,2,3,0,1,0,2,2,5,Not at intersection,2,70
T20060001417,202201,N,2382993.708,2474806.902,CENTRAL GOLDFIELDS,CENTRAL GOLDFIELDS,WESTERN REGION,RURAL_VICTORIA,-37.21973788,143.681459,3371,9/2/06,13:00:00,1,Collision with vehicle,5,Thursday,111,RIGHT FAR (INTERSECTIONS ONLY)               ,MEL,40,91A,D,8,1,Day,869,2,5,4,0,0,1,1,1,Cross intersection,2,50
T20060001421,202845,N,2481153.051,2414336.249,BRIMBANK,BRIMBANK,METROPOLITAN NORTH WEST REGION,MELB_URBAN,-37.7717537,144.7860696,3023,9/2/06,13:17:00,4,Collision with a fixed object,5,Thursday,173,RIGHT OFF CARRIAGEWAY INTO OBJECT/PARKED VEHICLE      ,MEL,40,96,C,1,1,Day,202864,2,3,0,2,0,1,1,5,Not at intersection,3,100
T20060001425,108244,N,2472582.935,2405997.804,WYNDHAM,WYNDHAM,METROPOLITAN NORTH WEST REGION,MELB_URBAN,-37.84667022,144.6884816,3029,9/2/06,13:25:00,1,Collision with vehicle,5,Thursday,130,REAR END(VEHICLES IN SAME LANE)               ,VCS,9,709,P,9,1,Day,55502,3,5,0,1,0,4,1,2,T intersection,3,50
T20060001428,35668,I,2533264.706,2382989.186,CARDINIA,CARDINIA,METROPOLITAN SOUTH EAST REGION,MELB_URBAN,-38.05377394,145.3790006,3807,9/2/06,14:00:00,6,Vehicle overturned (no collision),5,Thursday,182,OFF CARRIAGEWAY ON LEFT BEND                ,VCS,9,700,J,8,1,Day,202951,1,1,0,1,0,0,1,5,Not at intersection,3,80
T20060001430,202063,N,2238611.332,2551234.513,HORSHAM,HORSHAM,WESTERN REGION,RURAL_VICTORIA,-36.50213957,142.0815565,3401,6/2/06,11:15:00,1,Collision with vehicle,2,Monday,140,U TURN                           ,MEL,40,68,F,10,1,Day,41390,2,3,0,1,0,2,2,2,T intersection,3,60
T20060001447,202847,N,2516844.294,2394996.53,DANDENONG,DANDENONG,METROPOLITAN SOUTH EAST REGION,MELB_URBAN,-37.94604005,145.1916404,3174,6/2/06,7:45:00,1,Collision with vehicle,2,Monday,130,REAR END(VEHICLES IN SAME LANE)               ,MEL,40,205,D,10,1,Day,44319,2,2,0,1,0,1,2,2,T intersection,3,50
T20060001449,41548,I,2507610.139,2402637.085,STONNINGTON,STONNINGTON,METROPOLITAN SOUTH EAST REGION,MELB_URBAN,-37.87732283,145.086503,3145,9/2/06,18:20:00,1,Collision with vehicle,5,Thursday,133,LANE SIDE SWIPE (VEHICLES IN PARALLEL LANES)        ,MEL,40,26,F,4,2,Dusk/Dawn,202955,2,2,0,1,0,1,1,5,Not at intersection,2,100