ACCIDENT_NO,NODE_ID,NODE_TYPE,VICGRID94_X,VICGRID94_Y,LGA_NAME,LGA_NAME_ALL,REGION_NAME,DEG_URBAN_NAME,Lat,Long,POSTCODE_NO,ACCIDENTDATE,ACCIDENTTIME,ACCIDENT_TYPE,Accident Type Desc,DAY_OF_WEEK,Day Week Description,DCA_CODE,DCA Description,DIRECTORY,EDITION,PAGE,GRID_REFERENCE_X,GRID_REFERENCE_Y,LIGHT_CONDITION,Light Condition Desc,NODE_ID,NO_OF_VEHICLES,NO_PERSONS,NO_PERSONS_INJ_2,NO_PERSONS_INJ_3,NO_PERSONS_KILLED,NO_PERSONS_NOT_INJ,POLICE_ATTEND,ROAD_GEOMETRY,Road Geometry Desc,SEVERITY,SPEED_ZONE
T20060001458,53582,I,2511995.744,2371482.444,FRANKSTON,FRANKSTON,METROPOLITAN SOUTH EAST REGION,MELB_URBAN,-38.157955,145.1368623,3199,9/2/06,17:55:00,4,Collision with a fixed object,5,Thursday,181,OFF RIGHT BEND INTO OBJECT/PARKED VEHICLE          ,MEL,40,333,J,2,1,Day,202957,2,1,0,1,0,0,1,5,Not at intersection,3,50
T20060001464,49187,I,2634277.698,2365787.111,LATROBE,LATROBE,EASTERN REGION,SMALL_CITIES,-38.19959992,146.5329214,3844,9/2/06,18:20:00,2,Struck Pedestrian,5,Thursday,103,PED PLAYING/LYING/WORKING/STANDING ON CARRIAGEWAY.,MEL,40,91,A,4,1,Day,202958,1,2,1,0,0,1,1,5,Not at intersection,2,50
T20060001471,26095,I,2242321.825,2419906.02,SOUTHERN GRAMPIANS,SOUTHERN GRAMPIANS,SOUTH WESTERN REGION,RURAL_VICTORIA,-37.68612433,142.0779667,3300,9/2/06,17:02:00,1,Collision with vehicle,5,Thursday,137,LEFT TURN SIDESWIPE                     ,VCS,9,566,C,9,1,Day,52921,2,4,1,2,0,1,1,1,Cross intersection,3,50
T20060001472,202854,N,2498371.882,2410265.85,YARRA,YARRA,METROPOLITAN NORTH WEST REGION,MELB_URBAN,-37.8086179,144.9815103,3065,9/2/06,16:20:00,4,Collision with a fixed object,5,Thursday,173,RIGHT OFF CARRIAGEWAY INTO OBJECT/PARKED VEHICLE      ,MEL,40,431,H,10,1,Day,202960,1,1,0,1,0,0,1,5,Not at intersection,3,50
T20060001483,29449,I,2530035.28,2384499.119,CASEY,CASEY,METROPOLITAN SOUTH EAST REGION,MELB_URBAN,-38.0402811,145.3421447,3806,7/2/06,23:20:00,5,collision with some other object,3,Tuesday,166,STRUCK OBJECT ON CARRIAGEWAY                ,VCS,9,61,B,5,3,Dark Street lights on,210829,1,1,1,0,0,0,1,5,Not at intersection,2,80
T20060001493,202855,N,2512506.372,2376896.951,FRANKSTON,FRANKSTON,METROPOLITAN SOUTH EAST REGION,MELB_URBAN,-38.10917064,145.1425957,3198,9/2/06,19:40:00,1,Collision with vehicle,5,Thursday,147,VEHICLE STRIKES ANOTHER VEH WHILE EMERGING FROM DRIVEWAY,MEL,40,432,F,5,1,Day,205386,3,4,0,1,0,3,1,5,Not at intersection,3,50
T20060001494,1215,I,2506224.145,2418963.006,BANYULE,BANYULE,METROPOLITAN NORTH WEST REGION,MELB_URBAN,-37.73023535,145.070611,3085,8/2/06,22:20:00,1,Collision with vehicle,4,Wednesday,137,LEFT TURN SIDESWIPE                     ,MEL,40,11,B,10,3,Dark Street lights on,38837,2,2,0,1,0,1,2,4,Multiple intersection,3,80
T20060001495,39491,I,2515778.297,2411598.33,MANNINGHAM,MANNINGHAM,METROPOLITAN SOUTH EAST REGION,MELB_URBAN,-37.7964798,145.179157,3111,9/2/06,3:35:00,4,Collision with a fixed object,5,Thursday,173,RIGHT OFF CARRIAGEWAY INTO OBJECT/PARKED VEHICLE      ,MEL,40,2K,F,2,3,Dark Street lights on,47383,2,4,0,2,0,2,1,2,T intersection,3,60
T20060001500,205381,N,2525981.322,2399849.155,KNOX,"KNOX,YARRA RANGES",METROPOLITAN SOUTH EAST REGION,RURAL_VICTORIA,-37.90210933,145.2954221,3156,13/1/06,13:40:00,1,Collision with vehicle,6,Friday,147,VEHICLE STRIKES ANOTHER VEH WHILE EMERGING FROM DRIVEWAY,MEL,40,97,H,6,1,Day,202818,2,2,0,2,0,0,1,5,Not at intersection,3,60
T20060001501,202858,N,2490190.16,2411635.124,MARIBYRNONG,MARIBYRNONG,METROPOLITAN NORTH WEST REGION,MELB_URBAN,-37.79623034,144.8886132,3011,10/2/06,7:05:00,1,Collision with vehicle,6,Friday,160,VEHICLE COLLIDES WITH VEHICLE PARKED ON LEFT OF ROAD    ,MEL,40,48,K,11,1,Day,202965,2,3,0,2,0,1,1,5,Not at intersection,3,60
T20060001507,29768,I,2524868.911,2376833.02,CASEY,CASEY,METROPOLITAN SOUTH EAST REGION,MELB_URBAN,-38.10949731,145.2835529,3977,10/2/06,8:00:00,1,Collision with vehicle,6,Friday,110,CROSS TRAFFIC(INTERSECTIONS ONLY)              ,MEL,40,89,F,1,1,Day,42951,2,2,1,0,0,1,1,1,Cross intersection,2,60
T20060001512,202187,N,2502782.602,2397322.437,GLEN EIRA,GLEN EIRA,METROPOLITAN SOUTH EAST REGION,MELB_URBAN,-37.92523322,145.0316494,3204,9/2/06,14:00:00,1,Collision with vehicle,5,Thursday,120,HEAD ON (NOT OVERTAKING)                  ,MEL,40,271,C,8,1,Day,215464,2,2,1,0,0,1,1,5,Not at intersection,2,80
T20060001514,205382,N,2484704.68,2407402.764,HOBSONS BAY,HOBSONS BAY,METROPOLITAN NORTH WEST REGION,MELB_URBAN,-37.83429001,144.8262401,3025,9/2/06,14:10:00,4,Collision with a fixed object,5,Thursday,173,RIGHT OFF CARRIAGEWAY INTO OBJECT/PARKED VEHICLE      ,MEL,40,431,J,11,1,Day,202968,1,1,0,1,0,0,1,5,Not at intersection,3,60
T20060001526,42743,I,2504796.414,2390542.194,KINGSTON,KINGSTON,METROPOLITAN SOUTH EAST REGION,MELB_URBAN,-37.98631147,145.0545988,3194,9/2/06,13:45:00,1,Collision with vehicle,5,Thursday,111,RIGHT FAR (INTERSECTIONS ONLY)               ,MEL,40,2M,D,4,1,Day,29478,2,2,0,2,0,0,1,2,T intersection,3,60
T20060001532,205383,N,2470370.504,2401162.9,WYNDHAM,WYNDHAM,METROPOLITAN NORTH WEST REGION,MELB_URBAN,-37.89016377,144.6631494,3030,4/2/06,9:30:00,6,Vehicle overturned (no collision),7,Saturday,180,OFF CARRIAGEWAY ON RIGHT BEND                ,MEL,40,270,C,1,1,Day,202969,1,1,0,1,0,0,2,5,Not at intersection,3,999
T20060001543,48666,I,2493615.264,2406840.536,PORT PHILLIP,PORT PHILLIP,METROPOLITAN NORTH WEST REGION,MELB_URBAN,-37.83945951,144.9274624,3207,9/2/06,9:40:00,1,Collision with vehicle,5,Thursday,130,REAR END(VEHICLES IN SAME LANE)               ,MEL,40,26,J,10,1,Day,202970,3,7,0,3,0,4,2,5,Not at intersection,3,70
T20060001548,37651,I,2499162.552,2406300.49,STONNINGTON,STONNINGTON,METROPOLITAN SOUTH EAST REGION,MELB_URBAN,-37.84434683,144.9904851,3141,10/2/06,8:55:00,4,Collision with a fixed object,6,Friday,171,LEFT OFF CARRIAGEWAY INTO OBJECT/PARKED VEHICLE       ,MEL,40,79,G,3,1,Day,37180,1,1,1,0,0,0,1,2,T intersection,3,60
T20060001560,39195,I,2480867.714,2417600.703,BRIMBANK,BRIMBANK,METROPOLITAN NORTH WEST REGION,MELB_URBAN,-37.7423344,144.7829152,3021,10/2/06,11:00:00,1,Collision with vehicle,6,Friday,120,HEAD ON (NOT OVERTAKING)                  ,MEL,40,48,K,10,1,Day,88441,2,2,1,0,0,1,1,5,Not at intersection,2,60
T20060001562,232645,N,2506160.46,2391139.787,KINGSTON,KINGSTON,METROPOLITAN SOUTH EAST REGION,MELB_URBAN,-37.98091949,145.070121,3194,10/2/06,10:30:00,1,Collision with vehicle,6,Friday,113,RIGHT NEAR (INTERSECTIONS ONLY)               ,MEL,40,87,K,9,1,Day,42853,3,4,0,2,1,1,1,2,T intersection,1,80
T20060001571,57648,I,2512729.908,2372539.002,FRANKSTON,FRANKSTON,METROPOLITAN SOUTH EAST REGION,MELB_URBAN,-38.1484271,145.1452202,3199,10/2/06,12:08:00,4,Collision with a fixed object,6,Friday,173,RIGHT OFF CARRIAGEWAY INTO OBJECT/PARKED VEHICLE      ,MEL,40,11,K,12,1,Day,220463,1,1,0,1,0,0,1,5,Not at intersection,3,60
T20060001586,90235,N,2490972.334,2404684.503,HOBSONS BAY,HOBSONS BAY,METROPOLITAN NORTH WEST REGION,MELB_URBAN,-37.85886326,144.8974094,3016,8/2/06,18:00:00,8,No collision and no object struck,4,Wednesday,182,OFF CARRIAGEWAY ON LEFT BEND                ,,,,,,1,Day,-10,1,1,0,1,0,0,2,2,T intersection,3,999
T20060001588,103667,N,2510942.456,2379417.817,FRANKSTON,FRANKSTON,METROPOLITAN SOUTH EAST REGION,MELB_URBAN,-38.08648031,145.1247265,3198,28/1/06,9:00:00,3,Struck animal,7,Saturday,167,STRUCK ANIMAL                        ,VCS,9,82,C,7,1,Day,202819,1,1,0,1,0,0,2,5,Not at intersection,2,100
T20060001590,869,I,2518571.521,2390144.87,DANDENONG,DANDENONG,METROPOLITAN SOUTH EAST REGION,MELB_URBAN,-37.98971771,145.2114139,3175,10/2/06,13:05:00,1,Collision with vehicle,6,Friday,121,RIGHT THROUGH                        ,MEL,40,68,A,12,1,Day,41294,2,2,0,1,0,1,1,1,Cross intersection,3,60
T20060001594,202864,N,2522078.334,2388171.395,CASEY,CASEY,METROPOLITAN SOUTH EAST REGION,MELB_URBAN,-38.00742049,145.2513938,3803,10/2/06,13:30:00,1,Collision with vehicle,6,Friday,121,RIGHT THROUGH                        ,MEL,40,67,C,8,1,Day,41109,2,2,1,0,0,1,1,2,T intersection,2,60
T20060001601,55502,I,2572120.348,2340405.75,SOUTH GIPPSLAND,SOUTH GIPPSLAND,EASTERN REGION,TOWNS,-38.43515023,145.8258942,3950,10/2/06,15:30:00,1,Collision with vehicle,6,Friday,113,RIGHT NEAR (INTERSECTIONS ONLY)               ,MEL,40,87,K,10,1,Day,42854,2,2,0,2,0,0,1,2,T intersection,3,80
T20060001602,202951,N,2612390.49,2366953.292,LATROBE,LATROBE,EASTERN REGION,RURAL_VICTORIA,-38.19201146,146.2829097,3825,10/2/06,15:10:00,1,Collision with vehicle,6,Friday,130,REAR END(VEHICLES IN SAME LANE)               ,MEL,40,77,H,11,1,Day,98617,2,2,0,1,0,1,1,5,Not at intersection,3,80
T20060001607,41390,I,2503802.315,2399082.818,GLEN EIRA,GLEN EIRA,METROPOLITAN SOUTH EAST REGION,MELB_URBAN,-37.90936921,145.0432385,3204,10/2/06,16:15:00,1,Collision with vehicle,6,Friday,140,U TURN                           ,MEL,40,337,J,8,1,Day,202973,2,3,2,0,0,1,1,5,Not at intersection,2,80
T20060001615,44319,I,2467990.75,2399098.273,WYNDHAM,WYNDHAM,METROPOLITAN NORTH WEST REGION,MELB_URBAN,-37.90868641,144.636005,3030,10/2/06,15:10:00,1,Collision with vehicle,6,Friday,160,VEHICLE COLLIDES WITH VEHICLE PARKED ON LEFT OF ROAD    ,MEL,40,13,J,4,1,Day,202981,3,2,1,0,0,1,1,5,Not at intersection,2,50
T20060001623,202955,N,2484609.422,2416120.619,BRIMBANK,BRIMBANK,METROPOLITAN NORTH WEST REGION,MELB_URBAN,-37.75573971,144.8253397,3020,10/2/06,15:55:00,1,Collision with vehicle,6,Friday,150,HEAD ON(OVERTAKING)                     ,MEL,40,203,J,3,1,Day,44312,2,2,1,1,0,0,1,1,Cross intersection,2,80
T20060001625,202957,N,2450444.046,2426580.223,MOORABOOL,MOORABOOL,WESTERN REGION,SMALL_CITIES,-37.6603042,144.4383193,3340,10/2/06,8:45:00,1,Collision with vehicle,6,Friday,129,OTHER OPPOSING MANOEUVRES NOT INCLUDED IN DCAs 120-125.   ,MEL,40,2P,D,3,1,Day,10381,2,2,0,1,0,1,2,4,Multiple intersection,3,60
T20060001626,202958,N,2521448.506,2391584.442,CASEY,CASEY,METROPOLITAN SOUTH EAST REGION,MELB_URBAN,-37.9766861,145.2441227,3802,7/2/06,15:35:00,1,Collision with vehicle,3,Tuesday,113,RIGHT NEAR (INTERSECTIONS ONLY)               ,MEL,40,2L,F,5,1,Day,29470,2,2,0,1,0,1,2,1,Cross intersection,3,40
T20060001627,52921,I,2398476.391,2436398.359,BALLARAT,BALLARAT,WESTERN REGION,LARGE_PROVINCIAL_CITIES,-37.56763073,143.8506897,3350,10/2/06,16:20:00,4,Collision with a fixed object,6,Friday,171,LEFT OFF CARRIAGEWAY INTO OBJECT/PARKED VEHICLE       ,MEL,40,131,G,1,1,Day,202985,1,2,1,0,0,1,1,5,Not at intersection,2,60
T20060001628,202960,N,2442382.923,2379552.656,GEELONG,GEELONG,SOUTH WESTERN REGION,LARGE_PROVINCIAL_CITIES,-38.08353977,144.3432781,3214,10/2/06,20:01:00,2,Struck Pedestrian,5,Friday,100,PED NEAR SIDE. PED HIT BY VEHICLE FROM THE RIGHT.      ,MEL,43,202,G,10,2,Dusk/Dawn,347489,1,2,1,0,0,1,1,1,Cross intersection,2,70
T20060001629,210829,N,2501944.298,2475490.247,MITCHELL,MITCHELL,NORTHERN REGION,RURAL_VICTORIA,-37.2208799,145.0219099,3658,10/2/06,19:09:00,4,Collision with a fixed object,6,Friday,173,RIGHT OFF CARRIAGEWAY INTO OBJECT/PARKED VEHICLE      ,MEL,40,93,G,10,1,Day,202987,1,1,1,0,0,0,1,5,Not at intersection,2,100
T20060001633,205386,N,2445328.141,2381738.066,GEELONG,GEELONG,SOUTH WESTERN REGION,LARGE_PROVINCIAL_CITIES,-38.06403026,144.3770098,3214,10/2/06,17:35:00,1,Collision with vehicle,6,Friday,140,U TURN                           ,MEL,40,89,H,4,1,Day,202989,2,2,0,1,0,1,1,5,Not at intersection,3,60
T20060001638,38837,N,2510011.256,2423573.325,NILLUMBIK,NILLUMBIK,METROPOLITAN NORTH WEST REGION,MELB_URBAN,-37.68866145,145.1135122,3088,10/2/06,18:15:00,1,Collision with vehicle,6,Friday,121,RIGHT THROUGH                        ,MEL,40,91,A,12,1,Day,43141,2,3,2,0,0,1,1,2,T intersection,2,80
T20060001642,47383,I,2497053.575,2407471.599,PORT PHILLIP,PORT PHILLIP,METROPOLITAN NORTH WEST REGION,MELB_URBAN,-37.83379091,144.9665279,3205,10/2/06,18:05:00,1,Collision with vehicle,6,Friday,121,RIGHT THROUGH                        ,MEL,40,68,F,4,1,Day,29646,2,3,0,2,0,1,1,1,Cross intersection,3,60
T20060001663,202818,N,2512588.857,2381404.923,KINGSTON,KINGSTON,METROPOLITAN SOUTH EAST REGION,MELB_URBAN,-38.06855769,145.1434587,3197,10/2/06,9:05:00,4,Collision with a fixed object,6,Friday,173,RIGHT OFF CARRIAGEWAY INTO OBJECT/PARKED VEHICLE      ,VCS,9,16,G,9,1,Day,202990,1,2,1,1,0,0,1,5,Not at intersection,3,100
T20060001669,202965,N,2517114.046,2408403.68,WHITEHORSE,WHITEHORSE,METROPOLITAN SOUTH EAST REGION,MELB_URBAN,-37.8252401,145.1943979,3132,11/2/06,1:40:00,4,Collision with a fixed object,7,Saturday,173,RIGHT OFF CARRIAGEWAY INTO OBJECT/PARKED VEHICLE      ,VCS,9,566,D,11,3,Dark Street lights on,52965,1,1,1,0,0,0,1,1,Cross intersection,3,60
T20060001674,42951,I,2515804.559,2392805.239,DANDENONG,DANDENONG,METROPOLITAN SOUTH EAST REGION,MELB_URBAN,-37.96580069,145.1798583,3174,7/2/06,15:40:00,1,Collision with vehicle,3,Tuesday,133,LANE SIDE SWIPE (VEHICLES IN PARALLEL LANES)        ,MEL,40,67,F,11,1,Day,206542,2,2,0,1,0,1,1,5,Not at intersection,3,50
T20060001679,215464,N,2518329.992,2424380.836,NILLUMBIK,NILLUMBIK,METROPOLITAN NORTH WEST REGION,RURAL_VICTORIA,-37.68125888,145.2078136,3097,10/2/06,16:18:00,1,Collision with vehicle,6,Friday,130,REAR END(VEHICLES IN SAME LANE)               ,MEL,40,45,K,9,1,Day,202991,3,3,0,1,0,2,1,5,Not at intersection,3,50
T20060001682,202968,N,2442872.261,2378984.308,GEELONG,GEELONG,SOUTH WESTERN REGION,LARGE_PROVINCIAL_CITIES,-38.08869013,144.3488111,3214,2/2/06,13:10:00,1,Collision with vehicle,5,Thursday,110,CROSS TRAFFIC(INTERSECTIONS ONLY)              ,MEL,40,145,D,6,1,Day,43975,2,2,1,0,0,1,1,1,Cross intersection,2,80
T20060001691,29478,I,2500462.155,2407036.792,STONNINGTON,STONNINGTON,METROPOLITAN SOUTH EAST REGION,MELB_URBAN,-37.83771305,145.0052505,3141,10/2/06,17:55:00,1,Collision with vehicle,6,Friday,132,RIGHT REAR.                         ,MEL,40,58,J,11,1,Day,48470,3,4,1,2,0,1,1,2,T intersection,2,60
T20060001691,29478,I,2500462.155,2407036.792,STONNINGTON,STONNINGTON,METROPOLITAN SOUTH EAST REGION,MELB_URBAN,-37.83771305,145.0052505,3142,11/2/06,14:40:00,1,Collision with vehicle,7,Saturday,147,VEHICLE STRIKES ANOTHER VEH WHILE EMERGING FROM DRIVEWAY,MEL,40,86,E,6,1,Day,205389,2,2,0,1,0,1,1,5,Not at intersection,3,50
T20060001695,202969,N,2545629.988,2432175.294,YARRA RANGES,YARRA RANGES,METROPOLITAN SOUTH EAST REGION,RURAL_VICTORIA,-37.61009004,145.5168394,3777,11/2/06,15:15:00,1,Collision with vehicle,7,Saturday,110,CROSS TRAFFIC(INTERSECTIONS ONLY)              ,MEL,40,67,E,3,1,Day,57536,2,2,0,1,0,1,1,4,Multiple intersection,3,70
T20060001696,202970,N,2485583.939,2413652.286,BRIMBANK,BRIMBANK,METROPOLITAN NORTH WEST REGION,MELB_URBAN,-37.77799549,144.8363508,3020,11/2/06,18:35:00,1,Collision with vehicle,7,Saturday,130,REAR END(VEHICLES IN SAME LANE)               ,MEL,40,92,H,5,1,Day,43186,3,5,1,0,0,4,1,2,T intersection,2,70
T20060001698,37180,I,2511997.921,2396980.499,MONASH,MONASH,METROPOLITAN SOUTH EAST REGION,MELB_URBAN,-37.92824064,145.1364701,3168,2/2/06,15:24:00,1,Collision with vehicle,5,Thursday,148,VEHICLE OFF FOOTPATH STRIKES VEH ON CARRIAGEWAY,MEL,40,80,D,5,1,Day,42561,2,2,0,1,0,1,2,2,T intersection,3,50
T20060001700,88441,N,2517086.902,2408838.817,WHITEHORSE,WHITEHORSE,METROPOLITAN SOUTH EAST REGION,MELB_URBAN,-37.82132002,145.1940795,3132,11/2/06,18:00:00,4,Collision with a fixed object,7,Saturday,173,RIGHT OFF CARRIAGEWAY INTO OBJECT/PARKED VEHICLE      ,MEL,40,81,D,10,1,Day,202997,1,2,0,1,0,1,1,5,Not at intersection,3,80
T20060001702,42853,I,2509367.875,2389752.179,KINGSTON,KINGSTON,METROPOLITAN SOUTH EAST REGION,MELB_URBAN,-37.9933941,145.1066469,3195,11/2/06,15:30:00,1,Collision with vehicle,7,Saturday,130,REAR END(VEHICLES IN SAME LANE)               ,VCS,9,566,B,6,1,Day,205401,2,3,0,2,0,1,1,5,Not at intersection,3,50
T20060001710,220463,N,2513131.275,2422768.312,NILLUMBIK,NILLUMBIK,METROPOLITAN NORTH WEST REGION,MELB_URBAN,-37.69587625,145.1489026,3095,11/2/06,17:15:00,2,Struck Pedestrian,7,Saturday,109,ANY MANOEUVRE INVOLVING PED NOT INCLUDED IN DCAs 100-108.  ,MEL,40,79,K,9,1,Day,205390,1,2,0,1,0,1,1,5,Not at intersection,3,50
T20060001721,202819,N,2647831.654,2406195.766,WELLINGTON,WELLINGTON,EASTERN REGION,RURAL_VICTORIA,-37.83354151,146.6794859,3858,11/2/06,20:25:00,1,Collision with vehicle,7,Saturday,130,REAR END(VEHICLES IN SAME LANE)               ,MEL,40,154,H,11,2,Dusk/Dawn,44035,2,2,0,1,0,1,1,1,Cross intersection,3,50
T20060001724,41294,I,2502042.935,2398281.947,BAYSIDE,"BAYSIDE,GLEN EIRA",METROPOLITAN SOUTH EAST REGION,MELB_URBAN,-37.91659032,145.0232337,3187,11/2/06,21:17:00,1,Collision with vehicle,7,Saturday,130,REAR END(VEHICLES IN SAME LANE)               ,MEL,40,32,A,10,3,Dark Street lights on,202998,3,4,0,2,0,2,1,5,Not at intersection,3,60
T20060001724,41294,I,2502042.935,2398281.947,BAYSIDE,"BAYSIDE,GLEN EIRA",METROPOLITAN SOUTH EAST REGION,MELB_URBAN,-37.91659032,145.0232337,3204,11/2/06,20:00:00,1,Collision with vehicle,7,Saturday,148,VEHICLE OFF FOOTPATH STRIKES VEH ON CARRIAGEWAY,MEL,40,30,J,12,2,Dusk/Dawn,29497,2,2,0,1,0,1,2,1,Cross intersection,3,70
T20060001736,41109,I,2499037.542,2400078.652,BAYSIDE,BAYSIDE,METROPOLITAN SOUTH EAST REGION,MELB_URBAN,-37.90040434,144.9890566,3186,11/2/06,19:10:00,1,Collision with vehicle,7,Saturday,121,RIGHT THROUGH                        ,MEL,40,646,A,10,1,Day,49468,2,3,1,0,1,1,1,1,Cross intersection,1,50
T20060001751,42854,I,2509309.014,2389368.665,KINGSTON,KINGSTON,METROPOLITAN SOUTH EAST REGION,MELB_URBAN,-37.99684989,145.1059816,3195,11/2/06,23:30:00,6,Vehicle overturned (no collision),7,Saturday,170,OFF CARRIAGEWAY TO LEFT                   ,MEL,40,98,K,7,5,Dark No street lights,203000,1,2,1,1,0,0,1,5,Not at intersection,3,80
T20060001753,98617,N,2504503.608,2393852.161,KINGSTON,KINGSTON,METROPOLITAN SOUTH EAST REGION,MELB_URBAN,-37.95649207,145.0512454,3190,11/2/06,17:00:00,4,Collision with a fixed object,7,Saturday,181,OFF RIGHT BEND INTO OBJECT/PARKED VEHICLE          ,MEL,40,205,D,8,1,Day,203001,1,1,1,0,0,0,1,5,Not at intersection,2,50
T20060001754,202973,N,2466045.607,2424197.599,MELTON,MELTON,METROPOLITAN NORTH WEST REGION,RURAL_VICTORIA,-37.68247163,144.6150401,3337,11/2/06,22:15:00,4,Collision with a fixed object,7,Saturday,183,OFF LEFT BEND INTO OBJECT/PARKED VEHICLE          ,VCS,9,99,D,6,5,Dark No street lights,205395,1,1,0,1,0,0,1,5,Not at intersection,3,100
T20060001756,202981,N,2481568.475,2420941.978,BRIMBANK,BRIMBANK,METROPOLITAN NORTH WEST REGION,MELB_URBAN,-37.71224252,144.7909496,3038,11/2/06,10:50:00,2,Struck Pedestrian,7,Saturday,102,FAR SIDE. PED HIT BY VEHICLE FROM THE LEFT         ,MEL,40,401,C,9,1,Day,53894,1,2,1,0,0,1,1,2,T intersection,2,70
T20060001757,44312,I,2477738.329,2406815.863,WYNDHAM,WYNDHAM,METROPOLITAN NORTH WEST REGION,MELB_URBAN,-37.83943729,144.7470827,3029,11/2/06,20:30:00,2,Struck Pedestrian,7,Saturday,106,VEH STRIKES PED ON FOOTPATH/MEDIAN/TRAFFIC ISLAND.,MEL,40,7,F,5,2,Dusk/Dawn,205396,1,2,0,1,0,1,1,5,Not at intersection,3,50
T20060001762,10381,N,2498492.368,2404977.142,PORT PHILLIP,PORT PHILLIP,METROPOLITAN NORTH WEST REGION,MELB_URBAN,-37.85626922,144.9828678,3182,11/2/06,12:30:00,4,Collision with a fixed object,7,Saturday,171,LEFT OFF CARRIAGEWAY INTO OBJECT/PARKED VEHICLE       ,MEL,40,465,H,6,1,Day,203005,1,1,0,1,0,0,1,5,Not at intersection,3,70
T20060001764,29470,I,2498942.959,2406947.776,STONNINGTON,STONNINGTON,METROPOLITAN SOUTH EAST REGION,MELB_URBAN,-37.8385146,144.987991,3141,12/2/06,6:45:00,1,Collision with vehicle,1,Sunday,110,CROSS TRAFFIC(INTERSECTIONS ONLY)              ,VCS,9,607,R,5,1,Day,51597,2,2,0,2,0,0,1,1,Cross intersection,3,60
T20060001765,202985,N,2531586.084,2383123.753,CASEY,CASEY,METROPOLITAN SOUTH EAST REGION,MELB_URBAN,-38.05262031,145.3598697,3807,12/2/06,8:52:00,6,Vehicle overturned (no collision),1,Sunday,172,OFF CARRIAGEWAY TO RIGHT                  ,MEL,40,98,K,6,1,Day,3349,1,2,2,0,0,0,1,5,Not at intersection,2,80
T20060001766,347489,N,2473076.693,2404090.461,WYNDHAM,WYNDHAM,METROPOLITAN NORTH WEST REGION,MELB_URBAN,-37.8638695,144.6940221,3029,11/2/06,13:45:00,1,Collision with vehicle,7,Saturday,130,REAR END(VEHICLES IN SAME LANE)               ,MEL,40,2K,G,2,1,Day,205400,4,8,0,1,0,7,2,5,Not at intersection,3,60
T20060001770,202987,N,2512295.436,2384583.063,KINGSTON,KINGSTON,METROPOLITAN SOUTH EAST REGION,MELB_URBAN,-38.03992961,145.1400617,3196,12/2/06,9:35:00,1,Collision with vehicle,1,Sunday,110,CROSS TRAFFIC(INTERSECTIONS ONLY)              ,MEL,40,79,K,9,1,Day,35590,2,4,0,1,0,3,1,1,Cross intersection,3,40
T20060001772,202989,N,2516356.728,2391914.251,DANDENONG,DANDENONG,METROPOLITAN SOUTH EAST REGION,MELB_URBAN,-37.97381839,145.1861619,3174,12/2/06,12:55:00,1,Collision with vehicle,1,Sunday,130,REAR END(VEHICLES IN SAME LANE)               ,MEL,40,45,D,11,1,Day,203009,2,3,0,1,0,2,1,5,Not at intersection,3,60
T20060001775,43141,I,2521549.728,2388691.478,CASEY,CASEY,METROPOLITAN SOUTH EAST REGION,MELB_URBAN,-38.00274736,145.2453596,3177,12/2/06,12:20:00,1,Collision with vehicle,1,Sunday,130,REAR END(VEHICLES IN SAME LANE)               ,MEL,40,432,B,10,1,Day,200926,2,9,0,1,0,8,1,5,Not at intersection,3,80
T20060001777,29646,I,2504057.685,2401535.183,GLEN EIRA,GLEN EIRA,METROPOLITAN SOUTH EAST REGION,MELB_URBAN,-37.88727302,145.046129,3145,12/2/06,10:30:00,5,collision with some other object,1,Sunday,166,STRUCK OBJECT ON CARRIAGEWAY                ,VCS,9,80,D,8,1,Day,301499,1,1,1,0,0,0,1,5,Not at intersection,3,999