ACCIDENT_NO,NODE_ID,NODE_TYPE,VICGRID94_X,VICGRID94_Y,LGA_NAME,LGA_NAME_ALL,REGION_NAME,DEG_URBAN_NAME,Lat,Long,POSTCODE_NO,ACCIDENTDATE,ACCIDENTTIME,ACCIDENT_TYPE,Accident Type Desc,DAY_OF_WEEK,Day Week Description,DCA_CODE,DCA Description,DIRECTORY,EDITION,PAGE,GRID_REFERENCE_X,GRID_REFERENCE_Y,LIGHT_CONDITION,Light Condition Desc,NODE_ID,NO_OF_VEHICLES,NO_PERSONS,NO_PERSONS_INJ_2,NO_PERSONS_INJ_3,NO_PERSONS_KILLED,NO_PERSONS_NOT_INJ,POLICE_ATTEND,ROAD_GEOMETRY,Road Geometry Desc,SEVERITY,SPEED_ZONE
T20060001777,29646,I,2504057.685,2401535.183,GLEN EIRA,GLEN EIRA,METROPOLITAN SOUTH EAST REGION,MELB_URBAN,-37.88727302,145.046129,3163,12/2/06,14:20:00,1,Collision with vehicle,1,Sunday,110,CROSS TRAFFIC(INTERSECTIONS ONLY)              ,MEL,40,32,B,4,1,Day,30625,2,3,1,0,0,2,1,1,Cross intersection,2,60
T20060001779,202990,N,2218638.323,2612247.548,HINDMARSH,HINDMARSH,WESTERN REGION,RURAL_VICTORIA,-35.94682835,141.8810202,3424,12/2/06,14:05:00,1,Collision with vehicle,1,Sunday,130,REAR END(VEHICLES IN SAME LANE)               ,MEL,40,98,G,6,1,Day,43344,3,3,0,1,0,2,1,1,Cross intersection,3,40
T20060001785,52965,I,2398894.59,2435479.234,BALLARAT,BALLARAT,WESTERN REGION,LARGE_PROVINCIAL_CITIES,-37.57595765,143.8552985,3350,12/2/06,15:00:00,1,Collision with vehicle,1,Sunday,110,CROSS TRAFFIC(INTERSECTIONS ONLY)              ,MEL,40,2K,A,9,1,Day,37503,2,3,1,0,0,2,1,1,Cross intersection,2,60
T20060001790,206542,N,2500088.741,2398733.904,BAYSIDE,BAYSIDE,METROPOLITAN SOUTH EAST REGION,MELB_URBAN,-37.91252059,145.0010092,3186,11/2/06,14:00:00,1,Collision with vehicle,7,Saturday,110,CROSS TRAFFIC(INTERSECTIONS ONLY)              ,MEL,40,96,C,6,1,Day,43270,2,3,1,0,0,2,1,1,Cross intersection,2,60
T20060001803,202991,N,2505459.831,2409426.372,BOROONDARA,BOROONDARA,METROPOLITAN SOUTH EAST REGION,MELB_URBAN,-37.81616705,145.0620106,3126,9/2/06,16:10:00,2,Struck Pedestrian,5,Thursday,101,PED EMERGES FROM IN FRONT OF PARKED OR STATIONARY VEHICLE  ,VCS,9,566,E,3,1,Day,206091,1,2,1,0,0,1,2,5,Not at intersection,3,999
T20060001806,43975,I,2503284.747,2361864.677,MORNINGTON PENINSULA,MORNINGTON PENINSULA,METROPOLITAN SOUTH EAST REGION,MELB_URBAN,-38.2446673,145.0375197,3931,12/2/06,11:45:00,6,Vehicle overturned (no collision),1,Sunday,184,OUT OF CONTROL ON CARRIAGEWAY (ON BEND)           ,VCS,9,101,A,2,1,Day,203018,1,1,0,1,0,0,2,5,Not at intersection,2,100
T20060001807,48470,I,2501230.361,2403652.247,GLEN EIRA,GLEN EIRA,METROPOLITAN SOUTH EAST REGION,MELB_URBAN,-37.86820675,145.0139836,3161,12/2/06,6:00:00,4,Collision with a fixed object,1,Sunday,171,LEFT OFF CARRIAGEWAY INTO OBJECT/PARKED VEHICLE       ,VCS,9,566,C,4,2,Dusk/Dawn,203021,1,1,1,0,0,0,1,5,Not at intersection,2,60
T20060001812,205389,N,2503376.09,2390949.308,BAYSIDE,BAYSIDE,METROPOLITAN SOUTH EAST REGION,MELB_URBAN,-37.98264988,145.038429,3193,12/2/06,17:30:00,1,Collision with vehicle,1,Sunday,130,REAR END(VEHICLES IN SAME LANE)               ,MEL,40,146,E,1,1,Day,203023,3,6,0,1,0,5,1,5,Not at intersection,2,90
T20060001814,57536,I,2499761.19,2401918.032,GLEN EIRA,GLEN EIRA,METROPOLITAN SOUTH EAST REGION,MELB_URBAN,-37.88383247,144.9972853,3185,12/2/06,17:17:00,1,Collision with vehicle,1,Sunday,113,RIGHT NEAR (INTERSECTIONS ONLY)               ,VCS,9,58,E,8,1,Day,22491,2,6,0,1,0,5,1,1,Cross intersection,3,100
T20060001821,43186,I,2508782.693,2386335.84,KINGSTON,KINGSTON,METROPOLITAN SOUTH EAST REGION,MELB_URBAN,-38.02417848,145.1000258,3195,12/2/06,17:45:00,1,Collision with vehicle,1,Sunday,130,REAR END(VEHICLES IN SAME LANE)               ,MEL,40,358,K,6,1,Day,196470,2,3,1,0,0,2,1,5,Not at intersection,3,80
T20060001822,42561,I,2514668.984,2396292.045,MONASH,"DANDENONG,MONASH",METROPOLITAN SOUTH EAST REGION,MELB_URBAN,-37.93440497,145.1668658,3170,12/2/06,14:35:00,1,Collision with vehicle,1,Sunday,130,REAR END(VEHICLES IN SAME LANE)               ,MEL,40,401,J,4,1,Day,203025,3,6,1,0,0,5,1,5,Not at intersection,3,50
T20060001822,42561,I,2514668.984,2396292.045,MONASH,"DANDENONG,MONASH",METROPOLITAN SOUTH EAST REGION,MELB_URBAN,-37.93440497,145.1668658,3171,12/2/06,18:45:00,1,Collision with vehicle,1,Sunday,130,REAR END(VEHICLES IN SAME LANE)               ,MEL,40,40,E,4,1,Day,84417,2,2,0,1,0,1,1,5,Not at intersection,3,60
T20060001828,202997,N,2518814.878,2394320.556,DANDENONG,DANDENONG,METROPOLITAN SOUTH EAST REGION,MELB_URBAN,-37.9520924,145.2140773,3175,12/2/06,18:15:00,1,Collision with vehicle,1,Sunday,121,RIGHT THROUGH                        ,MEL,40,2C,A,11,1,Day,36469,2,2,1,0,0,1,1,1,Cross intersection,2,40
T20060001829,205401,N,2397855.712,2437995.273,BALLARAT,BALLARAT,WESTERN REGION,LARGE_PROVINCIAL_CITIES,-37.55317442,143.8438835,3350,12/2/06,17:55:00,1,Collision with vehicle,1,Sunday,134,LANE CHANGE RIGHT (NOT OVERTAKING)             ,MEL,40,2P,F,10,1,Day,203027,2,5,0,1,0,4,1,5,Not at intersection,3,60
T20060001830,205390,N,2513289.072,2394464.593,DANDENONG,DANDENONG,METROPOLITAN SOUTH EAST REGION,MELB_URBAN,-37.95089021,145.1512017,3171,12/2/06,16:30:00,1,Collision with vehicle,1,Sunday,111,RIGHT FAR (INTERSECTIONS ONLY)               ,MEL,40,2P,B,12,1,Day,40086,2,5,0,1,0,4,1,1,Cross intersection,3,60
T20060001833,44035,I,2516451.834,2354850.715,MORNINGTON PENINSULA,MORNINGTON PENINSULA,METROPOLITAN SOUTH EAST REGION,MELB_URBAN,-38.30770856,145.1880777,3915,12/2/06,19:15:00,1,Collision with vehicle,1,Sunday,120,HEAD ON (NOT OVERTAKING)                  ,MEL,40,2S,H,6,1,Day,203031,2,2,2,0,0,0,1,5,Not at intersection,2,60
T20060001834,202998,N,2505717.272,2413899.735,BANYULE,BANYULE,METROPOLITAN NORTH WEST REGION,MELB_URBAN,-37.77586001,145.0648998,3079,7/2/06,15:25:00,1,Collision with vehicle,3,Tuesday,120,HEAD ON (NOT OVERTAKING)                  ,VCS,9,97,B,9,1,Day,203033,2,4,0,3,0,1,1,5,Not at intersection,3,100
T20060001835,29497,I,2501280.361,2413015.814,DAREBIN,"DAREBIN,YARRA",METROPOLITAN NORTH WEST REGION,MELB_URBAN,-37.78384097,145.0145356,3078,13/2/06,0:30:00,1,Collision with vehicle,2,Monday,113,RIGHT NEAR (INTERSECTIONS ONLY)               ,MEL,40,33,F,7,3,Dark Street lights on,55527,2,2,0,1,0,1,1,2,T intersection,3,50
T20060001836,49468,I,2498034.934,2454180.556,MITCHELL,MITCHELL,NORTHERN REGION,TOWNS,-37.41291358,144.9778001,3756,9/1/06,11:05:00,1,Collision with vehicle,2,Monday,160,VEHICLE COLLIDES WITH VEHICLE PARKED ON LEFT OF ROAD    ,VCS,9,566,E,9,1,Day,202184,2,2,0,1,0,1,2,5,Not at intersection,3,60
T20060001838,203000,N,2517079.34,2380953.728,FRANKSTON,FRANKSTON,METROPOLITAN SOUTH EAST REGION,MELB_URBAN,-38.07255065,145.1946412,3201,10/2/06,11:10:00,1,Collision with vehicle,6,Friday,140,U TURN                           ,MEL,40,934,D,4,1,Day,210835,2,3,2,0,0,1,1,5,Not at intersection,3,80
T20060001839,203001,N,2467917.584,2399959.019,WYNDHAM,WYNDHAM,METROPOLITAN NORTH WEST REGION,MELB_URBAN,-37.90092889,144.6352105,3030,22/1/06,8:55:00,8,No collision and no object struck,1,Sunday,170,OFF CARRIAGEWAY TO LEFT                   ,MEL,40,381,D,4,1,Day,202200,1,1,0,1,0,0,1,5,Not at intersection,3,110
T20060001851,205395,N,2688525.723,2354282.652,WELLINGTON,WELLINGTON,EASTERN REGION,RURAL_VICTORIA,-38.29375018,147.1550114,3851,12/2/06,16:00:00,6,Vehicle overturned (no collision),1,Sunday,179,OTHER ACCIDENTS-OFF STRAIGHT NOT INCLUDED IN DCAs 170-175  ,VCS,9,90,D,3,1,Day,203035,1,1,0,1,0,0,1,5,Not at intersection,3,999
T20060001853,53894,I,2443106.303,2371457.173,GEELONG,GEELONG,SOUTH WESTERN REGION,LARGE_PROVINCIAL_CITIES,-38.15651302,144.3508938,3220,20/1/06,16:30:00,1,Collision with vehicle,6,Friday,147,VEHICLE STRIKES ANOTHER VEH WHILE EMERGING FROM DRIVEWAY,VCS,9,566,C,4,1,Day,202937,2,2,0,1,0,1,2,5,Not at intersection,3,60
T20060001855,205396,N,2496040.904,2425370.563,HUME,HUME,METROPOLITAN NORTH WEST REGION,MELB_URBAN,-37.67251277,144.9551195,3061,21/1/06,14:40:00,1,Collision with vehicle,7,Saturday,142,LEAVING PARKING                       ,MEL,40,422,K,5,1,Day,202943,2,2,0,1,0,1,2,5,Not at intersection,3,60
T20060001858,203005,N,2442296.459,2366436.579,GEELONG,GEELONG,SOUTH WESTERN REGION,LARGE_PROVINCIAL_CITIES,-38.20168978,144.3412582,3216,29/1/06,11:00:00,1,Collision with vehicle,1,Sunday,143,ENTERING PARKING                      ,MEL,40,56,D,8,1,Day,55428,2,2,0,1,0,1,2,2,T intersection,2,40
T20060001859,51597,I,2435062.481,2526827.793,BENDIGO,BENDIGO,NORTHERN REGION,LARGE_PROVINCIAL_CITIES,-36.75598294,144.2726672,3550,25/1/06,5:40:00,1,Collision with vehicle,4,Wednesday,113,RIGHT NEAR (INTERSECTIONS ONLY)               ,MEL,40,432,B,10,3,Dark Street lights on,222123,2,2,0,2,0,0,1,4,Multiple intersection,3,80
T20060001865,3349,N,2517117.839,2381031.779,DANDENONG,DANDENONG,METROPOLITAN SOUTH EAST REGION,MELB_URBAN,-38.07184679,145.1950781,3975,13/2/06,6:20:00,2,Struck Pedestrian,2,Monday,102,FAR SIDE. PED HIT BY VEHICLE FROM THE LEFT         ,MEL,40,90,H,11,2,Dusk/Dawn,201522,2,3,0,0,1,2,1,5,Not at intersection,1,80
T20060001872,205400,N,2497253.007,2407465.57,PORT PHILLIP,PORT PHILLIP,METROPOLITAN NORTH WEST REGION,MELB_URBAN,-37.83384584,144.9687935,3205,24/1/06,15:00:00,1,Collision with vehicle,3,Tuesday,130,REAR END(VEHICLES IN SAME LANE)               ,MEL,40,402,P,10,1,Day,55429,2,2,0,1,0,1,2,2,T intersection,2,70
T20060001874,35590,I,2513432.962,2394628.268,DANDENONG,DANDENONG,METROPOLITAN SOUTH EAST REGION,MELB_URBAN,-37.94941351,145.1528359,3171,26/1/06,5:45:00,1,Collision with vehicle,5,Thursday,121,RIGHT THROUGH                        ,MEL,40,206,J,2,2,Dusk/Dawn,108482,2,2,0,1,0,1,1,5,Not at intersection,3,60
T20060001877,203009,N,2503100.855,2408634.777,BOROONDARA,BOROONDARA,METROPOLITAN SOUTH EAST REGION,MELB_URBAN,-37.82331019,145.0352216,3122,13/2/06,7:45:00,1,Collision with vehicle,2,Monday,135,LANE CHANGE LEFT (NOT OVERTAKING)              ,MEL,40,102,G,9,1,Day,203039,2,2,0,1,0,1,1,5,Not at intersection,3,80
T20060001882,200926,N,2443867.124,2379652.47,GEELONG,GEELONG,SOUTH WESTERN REGION,LARGE_PROVINCIAL_CITIES,-38.08273163,144.3602022,3214,13/2/06,8:25:00,1,Collision with vehicle,2,Monday,137,LEFT TURN SIDESWIPE                     ,MEL,40,2H,G,12,1,Day,37352,2,2,0,1,0,1,1,1,Cross intersection,3,50
T20060001884,301499,O,2563054.815,2401592.002,CARDINIA,CARDINIA,METROPOLITAN SOUTH EAST REGION,RURAL_VICTORIA,-37.88463116,145.7168078,3797,21/1/06,1:30:00,4,Collision with a fixed object,7,Saturday,173,RIGHT OFF CARRIAGEWAY INTO OBJECT/PARKED VEHICLE      ,MEL,40,2S,G,10,3,Dark Street lights on,38796,1,1,0,1,0,0,1,1,Cross intersection,3,60
T20060001887,30625,I,2506134.077,2416032.812,BANYULE,BANYULE,METROPOLITAN NORTH WEST REGION,MELB_URBAN,-37.75663787,145.0696135,3084,25/1/06,6:30:00,1,Collision with vehicle,4,Wednesday,135,LANE CHANGE LEFT (NOT OVERTAKING)              ,MEL,40,25,J,9,2,Dusk/Dawn,54734,2,2,0,1,0,1,1,5,Not at intersection,3,100
T20060001892,43344,N,2515879.091,2381209.565,DANDENONG,DANDENONG,METROPOLITAN SOUTH EAST REGION,MELB_URBAN,-38.07026716,145.1809573,3175,13/2/06,9:30:00,1,Collision with vehicle,2,Monday,113,RIGHT NEAR (INTERSECTIONS ONLY)               ,MEL,40,143,E,4,1,Day,45864,2,5,0,4,0,1,1,2,T intersection,3,100
T20060001893,37503,I,2495926.91,2406022.802,PORT PHILLIP,PORT PHILLIP,METROPOLITAN NORTH WEST REGION,MELB_URBAN,-37.84684023,144.9537207,3206,22/1/06,17:45:00,4,Collision with a fixed object,1,Sunday,171,LEFT OFF CARRIAGEWAY INTO OBJECT/PARKED VEHICLE       ,VCS,9,56,E,7,2,Dusk/Dawn,202194,1,2,0,2,0,0,2,5,Not at intersection,3,100
T20060001897,43270,I,2522192.601,2386088.503,CASEY,CASEY,METROPOLITAN SOUTH EAST REGION,MELB_URBAN,-38.02618294,145.2527578,3976,21/1/06,11:15:00,1,Collision with vehicle,7,Saturday,112,LEFT FAR (INTERSECTIONS ONLY)                ,MEL,40,27,F,11,1,Day,29821,2,2,2,0,0,0,1,1,Cross intersection,3,60
T20060001902,206091,N,2399204.296,2439868.781,BALLARAT,BALLARAT,WESTERN REGION,LARGE_PROVINCIAL_CITIES,-37.53644013,143.8594,3350,26/1/06,21:00:00,4,Collision with a fixed object,5,Thursday,173,RIGHT OFF CARRIAGEWAY INTO OBJECT/PARKED VEHICLE      ,MEL,40,202,A,9,2,Dusk/Dawn,202199,1,1,1,0,0,0,1,5,Not at intersection,2,70
T20060001903,203018,N,2372677.96,2331099.2,COLAC OTWAY,COLAC OTWAY,SOUTH WESTERN REGION,RURAL_VICTORIA,-38.51300022,143.5404011,3239,13/2/06,10:35:00,1,Collision with vehicle,2,Monday,132,RIGHT REAR.                         ,MEL,40,160,C,5,1,Day,36121,2,3,1,0,0,2,1,1,Cross intersection,2,80
T20060001908,203021,N,2398510.028,2439173.147,BALLARAT,BALLARAT,WESTERN REGION,LARGE_PROVINCIAL_CITIES,-37.54263281,143.8514495,3350,4/1/06,22:15:00,1,Collision with vehicle,4,Wednesday,139,OTHER SAME DIRECTION-MANOUEVRES NOT INCLUDED IN DCAs 130-137,MEL,40,8,C,10,3,Dark Street lights on,25994,2,2,0,1,0,1,2,5,Not at intersection,3,100
T20060001909,203023,N,2507481.681,2363637.984,MORNINGTON PENINSULA,MORNINGTON PENINSULA,METROPOLITAN SOUTH EAST REGION,MELB_URBAN,-38.22866858,145.0854407,3931,13/2/06,10:25:00,1,Collision with vehicle,2,Monday,111,RIGHT FAR (INTERSECTIONS ONLY)               ,VCS,9,688,F,8,1,Day,44562,2,3,0,1,0,2,1,4,Multiple intersection,3,70
T20060001911,22491,I,2393531.798,2451578.992,BALLARAT,BALLARAT,WESTERN REGION,RURAL_VICTORIA,-37.43029664,143.7968914,3352,25/1/06,6:30:00,4,Collision with a fixed object,4,Wednesday,171,LEFT OFF CARRIAGEWAY INTO OBJECT/PARKED VEHICLE       ,MEL,40,41,J,5,2,Dusk/Dawn,202182,2,2,0,1,0,1,2,5,Not at intersection,3,40
T20060001912,196470,N,2478248.996,2415448.163,MELTON,MELTON,METROPOLITAN NORTH WEST REGION,RURAL_VICTORIA,-37.76167181,144.7531387,3023,11/1/06,12:30:00,4,Collision with a fixed object,4,Wednesday,173,RIGHT OFF CARRIAGEWAY INTO OBJECT/PARKED VEHICLE      ,VCS,9,673,N,4,1,Day,202190,1,1,0,1,0,0,1,5,Not at intersection,3,50
T20060001916,203025,N,2444135.576,2372428.186,GEELONG,GEELONG,SOUTH WESTERN REGION,LARGE_PROVINCIAL_CITIES,-38.14782839,144.3627107,3220,10/2/06,14:25:00,2,Struck Pedestrian,6,Friday,100,PED NEAR SIDE. PED HIT BY VEHICLE FROM THE RIGHT.      ,MEL,40,49,F,9,1,Day,203050,1,1,0,1,0,1,2,5,Not at intersection,3,60
T20060001917,84417,N,2483997.834,2411349.234,BRIMBANK,BRIMBANK,METROPOLITAN NORTH WEST REGION,MELB_URBAN,-37.79872035,144.8182957,3020,25/1/06,19:50:00,4,Collision with a fixed object,4,Wednesday,173,RIGHT OFF CARRIAGEWAY INTO OBJECT/PARKED VEHICLE      ,VCS,9,93,C,7,2,Dusk/Dawn,202192,1,2,0,2,0,0,1,5,Not at intersection,3,100
T20060001919,36469,I,2497992.87,2410583.881,YARRA,YARRA,METROPOLITAN NORTH WEST REGION,MELB_URBAN,-37.80575168,144.977207,3065,13/2/06,8:20:00,1,Collision with vehicle,2,Monday,132,RIGHT REAR.                         ,VCS,9,83,H,6,1,Day,203055,2,3,3,0,0,0,1,5,Not at intersection,2,80
T20060001920,203027,N,2498944.747,2403508.575,PORT PHILLIP,PORT PHILLIP,METROPOLITAN NORTH WEST REGION,MELB_URBAN,-37.86950142,144.9880064,3182,13/2/06,6:12:00,4,Collision with a fixed object,2,Monday,183,OFF LEFT BEND INTO OBJECT/PARKED VEHICLE          ,VCS,9,58,G,7,1,Day,203057,1,1,1,0,0,0,1,5,Not at intersection,2,100
T20060001921,40086,I,2498229.125,2402989.611,PORT PHILLIP,PORT PHILLIP,METROPOLITAN NORTH WEST REGION,MELB_URBAN,-37.87417611,144.9798717,3184,12/2/06,18:05:00,4,Collision with a fixed object,1,Sunday,183,OFF LEFT BEND INTO OBJECT/PARKED VEHICLE          ,VCS,9,74,B,9,1,Day,201588,1,1,0,0,1,0,1,5,Not at intersection,1,100
T20060001923,203031,N,2491538.693,2411546.68,MARIBYRNONG,MARIBYRNONG,METROPOLITAN NORTH WEST REGION,MELB_URBAN,-37.79704047,144.9039242,3011,12/1/06,6:00:00,4,Collision with a fixed object,5,Thursday,171,LEFT OFF CARRIAGEWAY INTO OBJECT/PARKED VEHICLE       ,MEL,40,13,J,6,2,Dusk/Dawn,202183,1,1,0,1,0,0,1,5,Not at intersection,3,999
T20060001927,203033,N,2587664.218,2339200.327,SOUTH GIPPSLAND,SOUTH GIPPSLAND,EASTERN REGION,RURAL_VICTORIA,-38.44466159,146.0040301,3953,13/2/06,11:10:00,1,Collision with vehicle,2,Monday,121,RIGHT THROUGH                        ,MEL,40,80,K,6,1,Day,10569,2,2,1,0,0,1,1,2,T intersection,2,60
T20060001937,55527,I,2511822.405,2414748.916,MANNINGHAM,MANNINGHAM,METROPOLITAN SOUTH EAST REGION,MELB_URBAN,-37.76815121,145.1341889,3106,9/1/06,14:10:00,4,Collision with a fixed object,2,Monday,173,RIGHT OFF CARRIAGEWAY INTO OBJECT/PARKED VEHICLE      ,VCS,9,414,H,4,1,Day,202234,1,2,1,0,0,1,1,5,Not at intersection,2,100
T20060001951,202184,N,2399716.497,2436723.99,BALLARAT,BALLARAT,WESTERN REGION,LARGE_PROVINCIAL_CITIES,-37.56483079,143.8647711,3350,27/1/06,11:00:00,8,No collision and no object struck,6,Friday,172,OFF CARRIAGEWAY TO RIGHT                  ,MEL,40,129,E,8,1,Day,202243,1,1,1,0,0,0,1,5,Not at intersection,2,50
T20060001952,210835,N,2520861.215,2337476.073,BASS COAST,BASS COAST,EASTERN REGION,RURAL_VICTORIA,-38.46412,145.2389842,3922,23/1/06,10:35:00,6,Vehicle overturned (no collision),2,Monday,170,OFF CARRIAGEWAY TO LEFT                   ,MEL,40,495,B,5,1,Day,202244,1,1,1,0,0,0,1,5,Not at intersection,2,100
T20060001954,202200,N,2471838.503,2435718.083,MELTON,MELTON,METROPOLITAN NORTH WEST REGION,RURAL_VICTORIA,-37.57885782,144.6811543,3427,13/2/06,10:40:00,1,Collision with vehicle,1,Monday,171,LEFT OFF CARRIAGEWAY INTO OBJECT/PARKED VEHICLE       ,VCS,9,566,A,8,1,Day,347490,2,1,1,0,0,0,1,5,Not at intersection,2,60
T20060001954,202200,N,2471838.503,2435718.083,MELTON,MELTON,METROPOLITAN NORTH WEST REGION,RURAL_VICTORIA,-37.57885782,144.6811543,3429,29/1/06,10:50:00,4,Collision with a fixed object,1,Sunday,171,LEFT OFF CARRIAGEWAY INTO OBJECT/PARKED VEHICLE       ,VCS,9,92,D,8,1,Day,202220,1,1,1,0,0,0,1,5,Not at intersection,2,100
T20060001955,203035,N,2300845.928,2378457.935,MOYNE,MOYNE,SOUTH WESTERN REGION,RURAL_VICTORIA,-38.07380208,142.73013,3272,30/1/06,0:01:00,8,No collision and no object struck,2,Monday,172,OFF CARRIAGEWAY TO RIGHT                  ,VCS,9,101,F,3,1,Day,202245,1,1,0,1,0,0,2,5,Not at intersection,3,888
T20060001958,202937,N,2398483.498,2439176.026,BALLARAT,BALLARAT,WESTERN REGION,LARGE_PROVINCIAL_CITIES,-37.54260398,143.8511496,3350,13/2/06,12:30:00,1,Collision with vehicle,2,Monday,113,RIGHT NEAR (INTERSECTIONS ONLY)               ,VCS,9,96,E,8,1,Day,222142,2,3,0,1,0,2,1,2,T intersection,3,80
T20060001959,202943,N,2446958.659,2386323.506,GEELONG,GEELONG,SOUTH WESTERN REGION,SMALL_CITIES,-38.02281507,144.3959208,3212,25/1/06,15:00:00,1,Collision with vehicle,4,Wednesday,130,REAR END(VEHICLES IN SAME LANE)               ,MEL,40,40,K,4,1,Day,38564,2,2,0,1,0,1,2,2,T intersection,3,60
T20060001960,55428,I,2491283.541,2404637.854,HOBSONS BAY,HOBSONS BAY,METROPOLITAN NORTH WEST REGION,MELB_URBAN,-37.85928653,144.9009454,3016,13/2/06,13:15:00,2,Struck Pedestrian,2,Monday,100,PED NEAR SIDE. PED HIT BY VEHICLE FROM THE RIGHT.      ,VCS,9,514,K,7,1,Day,203060,1,3,1,0,0,2,1,5,Not at intersection,2,50
T20060001962,222123,I,2443709.399,2379507.545,GEELONG,GEELONG,SOUTH WESTERN REGION,LARGE_PROVINCIAL_CITIES,-38.08402765,144.3583934,3214,24/1/06,12:30:00,2,Struck Pedestrian,3,Tuesday,107,PED ON FOOTHPATH STRUCK BY VEHENTERING/LEAVING DRIVEWAY.  ,MEL,40,465,C,5,1,Day,53385,1,2,1,0,0,1,2,5,Not at intersection,2,60
T20060001963,201522,N,2520165.882,2388903.549,CASEY,CASEY,METROPOLITAN SOUTH EAST REGION,MELB_URBAN,-38.00086786,145.2295977,3177,18/1/06,15:30:00,1,Collision with vehicle,4,Wednesday,136,RIGHT TURN SIDESWIPE                    ,VCS,9,453,D,8,1,Day,50258,2,2,2,0,0,0,1,1,Cross intersection,3,100
T20060001966,55429,I,2445163.981,2371320.275,GEELONG,GEELONG,SOUTH WESTERN REGION,LARGE_PROVINCIAL_CITIES,-38.15787035,144.3743591,3219,20/1/06,13:45:00,1,Collision with vehicle,6,Friday,147,VEHICLE STRIKES ANOTHER VEH WHILE EMERGING FROM DRIVEWAY,MEL,40,505,K,5,1,Day,202221,2,2,0,2,0,0,1,5,Not at intersection,3,50
T20060001967,108482,N,2473713.877,2402315.467,WYNDHAM,WYNDHAM,METROPOLITAN NORTH WEST REGION,MELB_URBAN,-37.87988003,144.7012002,3029,26/1/06,13:15:00,6,Vehicle overturned (no collision),5,Thursday,170,OFF CARRIAGEWAY TO LEFT                   ,VCS,9,25,C,9,1,Day,202252,1,2,0,2,0,0,1,5,Not at intersection,3,100
T20060001968,203039,N,2512126.783,2370144.072,FRANKSTON,FRANKSTON,METROPOLITAN SOUTH EAST REGION,MELB_URBAN,-38.17001008,145.1383796,3199,12/2/06,18:00:00,1,Collision with vehicle,1,Sunday,110,CROSS TRAFFIC(INTERSECTIONS ONLY)              ,VCS,9,582,G,9,2,Dusk/Dawn,22476,2,4,0,1,0,3,2,1,Cross intersection,3,60
T20060001972,37352,I,2501117.865,2407927.222,YARRA,YARRA,METROPOLITAN NORTH WEST REGION,MELB_URBAN,-37.82968975,145.0126985,3121,13/2/06,15:30:00,1,Collision with vehicle,2,Monday,110,CROSS TRAFFIC(INTERSECTIONS ONLY)              ,MEL,40,336,H,10,1,Day,43723,2,4,0,1,0,3,1,1,Cross intersection,3,60
T20060001974,38796,I,2491320.519,2410738.809,MARIBYRNONG,MARIBYRNONG,METROPOLITAN NORTH WEST REGION,MELB_URBAN,-37.80431745,144.9014374,3011,13/2/06,13:40:00,1,Collision with vehicle,2,Monday,121,RIGHT THROUGH                        ,VCS,9,608,A,5,1,Day,55530,2,2,0,1,0,1,1,2,T intersection,3,50
T20060001977,54734,I,2481870.681,2413967.982,BRIMBANK,BRIMBANK,METROPOLITAN NORTH WEST REGION,MELB_URBAN,-37.7750861,144.7942063,3022,13/2/06,16:30:00,1,Collision with vehicle,2,Monday,113,RIGHT NEAR (INTERSECTIONS ONLY)               ,MEL,40,30,J,8,1,Day,29496,2,2,0,1,0,1,1,1,Cross intersection,3,60
T20060001979,45864,N,2530750.326,2367559.77,CASEY,CASEY,METROPOLITAN SOUTH EAST REGION,RURAL_VICTORIA,-38.19285942,145.3510015,3980,8/2/06,12:00:00,1,Collision with vehicle,4,Wednesday,130,REAR END(VEHICLES IN SAME LANE)               ,MEL,40,58,G,8,1,Day,203062,2,2,0,2,0,0,2,5,Not at intersection,3,70