ACCIDENT_NO,NODE_ID,NODE_TYPE,VICGRID94_X,VICGRID94_Y,LGA_NAME,LGA_NAME_ALL,REGION_NAME,DEG_URBAN_NAME,Lat,Long,POSTCODE_NO,ACCIDENTDATE,ACCIDENTTIME,ACCIDENT_TYPE,Accident Type Desc,DAY_OF_WEEK,Day Week Description,DCA_CODE,DCA Description,DIRECTORY,EDITION,PAGE,GRID_REFERENCE_X,GRID_REFERENCE_Y,LIGHT_CONDITION,Light Condition Desc,NODE_ID,NO_OF_VEHICLES,NO_PERSONS,NO_PERSONS_INJ_2,NO_PERSONS_INJ_3,NO_PERSONS_KILLED,NO_PERSONS_NOT_INJ,POLICE_ATTEND,ROAD_GEOMETRY,Road Geometry Desc,SEVERITY,SPEED_ZONE
T20060002375,36261,I,2496602.425,2410500.574,MELBOURNE,MELBOURNE,METROPOLITAN NORTH WEST REGION,MELB_URBAN,-37.80649825,144.9614166,3053,15/2/06,20:52:00,2,Struck Pedestrian,4,Wednesday,100,PED NEAR SIDE. PED HIT BY VEHICLE FROM THE RIGHT.      ,MEL,40,92,K,9,3,Dark Street lights on,215465,1,2,0,1,0,1,2,5,Not at intersection,3,999
T20060002378,203174,N,2660795.833,2346360.01,WELLINGTON,WELLINGTON,EASTERN REGION,RURAL_VICTORIA,-38.37033995,146.8398705,3851,16/2/06,13:30:00,1,Collision with vehicle,5,Thursday,140,U TURN                           ,MEL,40,180,B,9,1,Day,203092,2,4,1,1,0,2,1,5,Not at intersection,2,80
T20060002380,203175,N,2584706.435,2369694.074,BAW BAW,BAW BAW,EASTERN REGION,SMALL_TOWNS,-38.17026931,145.9666106,3821,15/2/06,20:40:00,4,Collision with a fixed object,4,Wednesday,173,RIGHT OFF CARRIAGEWAY INTO OBJECT/PARKED VEHICLE      ,MEL,40,99,G,4,5,Dark No street lights,26096,1,3,1,0,0,2,1,5,Not at intersection,2,100
T20060002381,39320,I,2510880.152,2409071.499,WHITEHORSE,WHITEHORSE,METROPOLITAN SOUTH EAST REGION,MELB_URBAN,-37.81931686,145.1235776,3128,14/2/06,8:15:00,1,Collision with vehicle,3,Tuesday,130,REAR END(VEHICLES IN SAME LANE)               ,MEL,40,90,H,1,1,Day,203028,4,4,0,2,0,2,2,5,Not at intersection,3,100
T20060002391,110839,N,2485309.341,2413604.661,BRIMBANK,BRIMBANK,METROPOLITAN NORTH WEST REGION,MELB_URBAN,-37.77842031,144.8332327,3020,16/2/06,16:15:00,1,Collision with vehicle,5,Thursday,110,CROSS TRAFFIC(INTERSECTIONS ONLY)              ,MEL,40,162,K,11,1,Day,44090,2,3,0,1,0,2,1,1,Cross intersection,3,100
T20060002397,49642,I,2442125.402,2381674.254,GEELONG,GEELONG,SOUTH WESTERN REGION,LARGE_PROVINCIAL_CITIES,-38.06441078,144.3405105,3213,16/2/06,18:30:00,1,Collision with vehicle,5,Thursday,160,VEHICLE COLLIDES WITH VEHICLE PARKED ON LEFT OF ROAD    ,MEL,40,97,D,8,1,Day,142142,6,1,0,1,0,0,1,5,Not at intersection,3,60
T20060002399,55439,I,2281400.602,2346147.579,WARRNAMBOOL,WARRNAMBOOL,SOUTH WESTERN REGION,SMALL_CITIES,-38.36038316,142.4989253,3280,16/2/06,15:50:00,1,Collision with vehicle,5,Thursday,110,CROSS TRAFFIC(INTERSECTIONS ONLY)              ,MEL,40,58,K,11,1,Day,29601,3,3,1,0,0,2,1,1,Cross intersection,2,60
T20060002400,203090,N,2829807.32,2473165.058,EAST GIPPSLAND,EAST GIPPSLAND,EASTERN REGION,RURAL_VICTORIA,-37.18382685,148.7156628,3888,16/2/06,19:30:00,1,Collision with vehicle,4,Thursday,137,LEFT TURN SIDESWIPE                     ,MEL,40,87,A,6,2,Dusk/Dawn,101099,2,3,1,0,0,2,1,5,Not at intersection,2,60
T20060002401,202203,N,2496351.029,2408087.726,MELBOURNE,MELBOURNE,METROPOLITAN NORTH WEST REGION,MELB_URBAN,-37.82823713,144.9585498,3006,16/2/06,17:10:00,2,Struck Pedestrian,5,Thursday,107,PED ON FOOTHPATH STRUCK BY VEHENTERING/LEAVING DRIVEWAY.  ,MEL,40,20,E,4,1,Day,29437,1,3,0,0,1,2,1,2,T intersection,1,50
T20060002407,55434,I,2479546.133,2421353.344,BRIMBANK,BRIMBANK,METROPOLITAN NORTH WEST REGION,MELB_URBAN,-37.70849374,144.7680237,3037,16/2/06,14:55:00,1,Collision with vehicle,5,Thursday,130,REAR END(VEHICLES IN SAME LANE)               ,MEL,40,2C,J,6,1,Day,203029,3,3,0,1,0,2,2,4,Multiple intersection,3,70
T20060002408,55402,I,2462791.949,2397310.32,WYNDHAM,WYNDHAM,METROPOLITAN NORTH WEST REGION,RURAL_VICTORIA,-37.92460144,144.5767969,3024,16/2/06,23:10:00,4,Collision with a fixed object,5,Thursday,141,U TURN INTO FIXED OBJECT/PARKED VEHICLE           ,MEL,40,206,A,8,3,Dark Street lights on,203042,1,2,1,1,0,0,1,5,Not at intersection,2,60
T20060002408,55402,I,2462791.949,2397310.32,WYNDHAM,WYNDHAM,METROPOLITAN NORTH WEST REGION,RURAL_VICTORIA,-37.92460144,144.5767969,3211,17/2/06,0:50:00,4,Collision with a fixed object,6,Friday,181,OFF RIGHT BEND INTO OBJECT/PARKED VEHICLE          ,MEL,40,125,C,6,5,Dark No street lights,203044,1,4,2,1,0,1,1,5,Not at intersection,2,60
T20060002409,139132,N,2495916.151,2409233.588,MELBOURNE,MELBOURNE,METROPOLITAN NORTH WEST REGION,MELB_URBAN,-37.81791109,144.9536162,3000,17/2/06,2:42:00,4,Collision with a fixed object,6,Friday,173,RIGHT OFF CARRIAGEWAY INTO OBJECT/PARKED VEHICLE      ,MEL,40,2A,H,12,3,Dark Street lights on,203046,1,1,0,1,0,0,1,5,Not at intersection,3,60
T20060002409,139132,N,2495916.151,2409233.588,MELBOURNE,MELBOURNE,METROPOLITAN NORTH WEST REGION,MELBOURNE_CBD,-37.81791109,144.9536162,3000,16/2/06,23:40:00,6,Vehicle overturned (no collision),5,Thursday,172,OFF CARRIAGEWAY TO RIGHT                  ,VCS,9,565,O,3,3,Dark Street lights on,205003,1,3,1,1,1,0,1,5,Not at intersection,1,70
T20060002409,139132,N,2495916.151,2409233.588,MELBOURNE,MELBOURNE,METROPOLITAN NORTH WEST REGION,MELB_URBAN,-37.81791109,144.9536162,3008,25/1/06,9:35:00,1,Collision with vehicle,4,Wednesday,121,RIGHT THROUGH                        ,MEL,40,2B,E,10,1,Day,36317,2,2,1,0,0,1,1,1,Cross intersection,2,50
T20060002409,139132,N,2495916.151,2409233.588,MELBOURNE,MELBOURNE,METROPOLITAN NORTH WEST REGION,MELBOURNE_CBD,-37.81791109,144.9536162,3008,27/1/06,14:45:00,2,Struck Pedestrian,6,Friday,109,ANY MANOEUVRE INVOLVING PED NOT INCLUDED IN DCAs 100-108.  ,MEL,40,67,E,1,1,Day,202212,1,2,0,1,0,1,2,5,Not at intersection,3,60
T20060002413,36688,I,2499544.372,2412307.459,YARRA,YARRA,METROPOLITAN NORTH WEST REGION,MELB_URBAN,-37.79022412,144.9948269,3068,16/2/06,19:45:00,1,Collision with vehicle,5,Thursday,140,U TURN                           ,MEL,40,2P,C,7,2,Dusk/Dawn,55528,2,2,0,1,0,1,1,3,Y intersection,3,60
T20060002414,55433,I,2481114.769,2421884.092,BRIMBANK,BRIMBANK,METROPOLITAN NORTH WEST REGION,MELB_URBAN,-37.7037446,144.7858278,3038,16/2/06,21:35:00,1,Collision with vehicle,5,Thursday,121,RIGHT THROUGH                        ,MEL,40,83,D,5,3,Dark Street lights on,42669,2,2,0,1,0,1,1,2,T intersection,3,80
T20060002415,202267,N,2467347.165,2400435.121,WYNDHAM,WYNDHAM,METROPOLITAN NORTH WEST REGION,MELB_URBAN,-37.89661952,144.6287458,3024,23/1/06,11:45:00,2,Struck Pedestrian,2,Monday,103,PED PLAYING/LYING/WORKING/STANDING ON CARRIAGEWAY.,MEL,40,2K,A,7,1,Day,55431,1,2,0,1,0,1,1,2,T intersection,3,50
T20060002419,29464,I,2498124.042,2406244.284,MELBOURNE,"MELBOURNE,PORT PHILLIP",METROPOLITAN NORTH WEST REGION,MELB_URBAN,-37.84485173,144.9786855,3004,23/1/06,17:00:00,1,Collision with vehicle,2,Monday,110,CROSS TRAFFIC(INTERSECTIONS ONLY)              ,MEL,40,77,E,2,1,Day,42170,2,2,0,1,0,1,1,1,Cross intersection,3,60
T20060002422,203091,N,2521238.891,2391324.021,CASEY,CASEY,METROPOLITAN SOUTH EAST REGION,MELB_URBAN,-37.97903714,145.2417444,3177,16/2/06,14:42:00,1,Collision with vehicle,5,Thursday,132,RIGHT REAR.                         ,MEL,40,286,H,12,1,Day,203049,2,3,0,2,0,1,1,5,Not at intersection,3,80
T20060002424,203178,N,2442607.159,2389970.499,GEELONG,GEELONG,SOUTH WESTERN REGION,RURAL_VICTORIA,-37.98970014,144.3466488,3212,26/1/06,9:15:00,1,Collision with vehicle,5,Thursday,160,VEHICLE COLLIDES WITH VEHICLE PARKED ON LEFT OF ROAD    ,MEL,40,76,E,5,1,Day,202941,2,1,1,0,0,0,1,5,Not at intersection,2,60
T20060002433,50629,I,2375769.167,2348954.63,COLAC OTWAY,COLAC OTWAY,SOUTH WESTERN REGION,SMALL_CITIES,-38.35261283,143.5788882,3250,16/2/06,18:30:00,1,Collision with vehicle,5,Thursday,110,CROSS TRAFFIC(INTERSECTIONS ONLY)              ,MEL,40,67,G,7,1,Day,35540,2,2,0,1,0,1,2,1,Cross intersection,3,60
T20060002442,249,I,2498106.639,2408637.165,MELBOURNE,MELBOURNE,METROPOLITAN NORTH WEST REGION,MELB_URBAN,-37.82329191,144.9784939,3004,12/2/06,17:30:00,1,Collision with vehicle,1,Sunday,133,LANE SIDE SWIPE (VEHICLES IN PARALLEL LANES)        ,MEL,40,7,F,11,1,Day,203051,2,5,0,2,0,3,2,4,Multiple intersection,3,100
T20060002445,53521,I,2513073.477,2392388.73,DANDENONG,DANDENONG,METROPOLITAN SOUTH EAST REGION,MELB_URBAN,-37.96959566,145.1487856,3172,24/1/06,15:05:00,2,Struck Pedestrian,3,Tuesday,102,FAR SIDE. PED HIT BY VEHICLE FROM THE LEFT         ,MEL,40,68,B,3,1,Day,202195,1,2,0,1,0,1,1,5,Not at intersection,3,50
T20060002448,202226,N,2480337.513,2402386.878,HOBSONS BAY,HOBSONS BAY,METROPOLITAN NORTH WEST REGION,MELB_URBAN,-37.87940034,144.776494,3028,15/1/06,0:30:00,2,Struck Pedestrian,1,Sunday,109,ANY MANOEUVRE INVOLVING PED NOT INCLUDED IN DCAs 100-108.  ,MEL,40,67,G,7,3,Dark Street lights on,673,1,2,1,0,0,1,1,1,Cross intersection,2,80
T20060002451,29405,I,2498773.858,2410490.52,YARRA,YARRA,METROPOLITAN NORTH WEST REGION,MELB_URBAN,-37.80659423,144.9860757,3066,22/1/06,5:00:00,4,Collision with a fixed object,1,Sunday,171,LEFT OFF CARRIAGEWAY INTO OBJECT/PARKED VEHICLE       ,MEL,40,2C,J,3,3,Dark Street lights on,202196,1,2,1,1,0,0,1,5,Not at intersection,2,60
T20060002453,50336,I,2440825.982,2351877.334,SURF COAST,SURF COAST,SOUTH WESTERN REGION,SMALL_CITIES,-38.33274405,144.3232904,3228,20/1/06,1:25:00,1,Collision with vehicle,6,Friday,173,RIGHT OFF CARRIAGEWAY INTO OBJECT/PARKED VEHICLE      ,MEL,40,2N,D,1,3,Dark Street lights on,40051,2,1,1,0,0,0,1,1,Cross intersection,2,50
T20060002455,49317,I,2435824.055,2526643.365,BENDIGO,BENDIGO,NORTHERN REGION,LARGE_PROVINCIAL_CITIES,-36.75769718,144.2811813,3550,5/1/06,18:45:00,4,Collision with a fixed object,5,Thursday,171,LEFT OFF CARRIAGEWAY INTO OBJECT/PARKED VEHICLE       ,MEL,40,432,B,11,1,Day,202236,1,1,0,1,0,0,1,5,Not at intersection,3,50
T20060002456,284301,N,2406836.747,2331227.752,SURF COAST,SURF COAST,SOUTH WESTERN REGION,RURAL_VICTORIA,-38.51592666,143.9319695,3232,17/2/06,8:40:00,2,Struck Pedestrian,6,Friday,102,FAR SIDE. PED HIT BY VEHICLE FROM THE LEFT         ,MEL,40,69,B,3,1,Day,203095,1,2,0,1,0,1,1,5,Not at intersection,2,60
T20060002459,203180,N,2499080.868,2421065.713,DAREBIN,DAREBIN,METROPOLITAN NORTH WEST REGION,MELB_URBAN,-37.7113095,144.9895753,3073,11/1/06,10:05:00,4,Collision with a fixed object,4,Wednesday,171,LEFT OFF CARRIAGEWAY INTO OBJECT/PARKED VEHICLE       ,MEL,40,335,F,9,1,Day,202237,1,1,0,1,0,0,1,5,Not at intersection,3,90
T20060002462,202193,N,2496272.908,2405430.163,PORT PHILLIP,PORT PHILLIP,METROPOLITAN NORTH WEST REGION,MELB_URBAN,-37.85218131,144.957649,3206,17/2/06,10:10:00,1,Collision with vehicle,6,Friday,140,U TURN                           ,MEL,40,1D,N,3,1,Day,205402,2,2,0,1,0,1,1,5,Not at intersection,3,60
T20060002469,42849,I,2509439.318,2390177.305,KINGSTON,KINGSTON,METROPOLITAN SOUTH EAST REGION,MELB_URBAN,-37.98956328,145.1074547,3195,11/1/06,7:30:00,4,Collision with a fixed object,4,Wednesday,171,LEFT OFF CARRIAGEWAY INTO OBJECT/PARKED VEHICLE       ,MEL,40,335,F,9,1,Day,202238,1,1,1,0,0,0,1,5,Not at intersection,2,90
T20060002489,36465,I,2498031.797,2410882.465,YARRA,YARRA,METROPOLITAN NORTH WEST REGION,MELB_URBAN,-37.8030615,144.9776498,3065,5/2/06,1:40:00,1,Collision with vehicle,1,Sunday,110,CROSS TRAFFIC(INTERSECTIONS ONLY)              ,MEL,40,401,D,4,3,Dark Street lights on,49935,2,4,0,1,0,3,1,1,Cross intersection,3,70
T20060002493,43282,N,2523599.812,2385838.51,CASEY,CASEY,METROPOLITAN SOUTH EAST REGION,MELB_URBAN,-38.02840043,145.2687929,3976,10/1/06,17:20:00,7,Fall from or in moving vehicle,3,Tuesday,190,FELL IN/FROM VEHICLE                    ,MEL,40,333,K,7,1,Day,49567,1,2,1,0,0,1,1,2,T intersection,3,60
T20060002494,205510,N,2544580.887,2561927.86,SHEPPARTON,SHEPPARTON,NORTH EASTERN REGION,RURAL_VICTORIA,-36.44082756,145.4972799,3631,23/1/06,7:35:00,2,Struck Pedestrian,2,Monday,103,PED PLAYING/LYING/WORKING/STANDING ON CARRIAGEWAY.,MEL,40,2K,H,1,1,Day,202197,1,2,0,1,0,1,1,5,Not at intersection,3,777
T20060002500,202202,N,2509068,2385722.771,KINGSTON,KINGSTON,METROPOLITAN SOUTH EAST REGION,MELB_URBAN,-38.02969898,145.1032828,3195,5/2/06,8:20:00,8,No collision and no object struck,1,Sunday,179,OTHER ACCIDENTS-OFF STRAIGHT NOT INCLUDED IN DCAs 170-175  ,MEL,40,84,D,10,1,Day,35597,1,1,0,1,0,0,2,1,Cross intersection,3,999
T20060002501,29929,N,2521608.389,2565267.023,SHEPPARTON,SHEPPARTON,NORTH EASTERN REGION,RURAL_VICTORIA,-36.41153593,145.2409393,3616,16/2/06,10:25:00,1,Collision with vehicle,5,Thursday,131,LEFT REAR                          ,VCS,9,700,F,4,1,Day,52148,2,3,0,1,0,2,2,1,Cross intersection,3,60
T20060002504,203181,N,2533875.943,2439788.868,MURRINDINDI,"MURRINDINDI,MURRINDINDI,YARRA RANGES",METROPOLITAN SOUTH EAST REGION,RURAL_VICTORIA,-37.54198669,145.3833587,3763,17/1/06,8:20:00,1,Collision with vehicle,3,Tuesday,137,LEFT TURN SIDESWIPE                     ,MEL,40,2K,K,4,1,Day,119,2,2,0,1,0,1,2,1,Cross intersection,3,60
T20060002504,203181,N,2533875.943,2439788.868,MURRINDINDI,"MURRINDINDI,MURRINDINDI,YARRA RANGES",METROPOLITAN SOUTH EAST REGION,RURAL_VICTORIA,-37.54198669,145.3833587,3775,9/1/06,16:00:00,1,Collision with vehicle,2,Monday,113,RIGHT NEAR (INTERSECTIONS ONLY)               ,MEL,40,2L,B,7,1,Day,37597,2,2,2,0,0,0,1,2,T intersection,2,60
T20060002507,36173,I,2512278.184,2384111.099,KINGSTON,KINGSTON,METROPOLITAN SOUTH EAST REGION,MELB_URBAN,-38.04418181,145.139873,3196,14/2/06,8:55:00,2,Struck Pedestrian,3,Tuesday,100,PED NEAR SIDE. PED HIT BY VEHICLE FROM THE RIGHT.      ,MEL,40,59,F,2,1,Day,46537,1,2,0,1,0,1,2,2,T intersection,3,50
T20060002512,277152,I,2496811.27,2407942.845,PORT PHILLIP,PORT PHILLIP,METROPOLITAN NORTH WEST REGION,MELB_URBAN,-37.82954419,144.9637773,3205,9/1/06,12:00:00,1,Collision with vehicle,2,Monday,130,REAR END(VEHICLES IN SAME LANE)               ,MEL,40,15,B,8,1,Day,11452,2,2,0,1,0,1,2,1,Cross intersection,3,999
T20060002514,37527,I,2496483.986,2407682.236,PORT PHILLIP,PORT PHILLIP,METROPOLITAN NORTH WEST REGION,MELB_URBAN,-37.8318911,144.9600582,3205,19/1/06,10:30:00,1,Collision with vehicle,5,Thursday,147,VEHICLE STRIKES ANOTHER VEH WHILE EMERGING FROM DRIVEWAY,MEL,40,67,J,9,1,Day,35859,2,2,0,1,0,1,1,2,T intersection,3,999
T20060002518,232642,N,2504021.947,2394708.401,KINGSTON,KINGSTON,METROPOLITAN SOUTH EAST REGION,MELB_URBAN,-37.94877999,145.04576,3190,17/2/06,11:30:00,8,No collision and no object struck,6,Friday,184,OUT OF CONTROL ON CARRIAGEWAY (ON BEND)           ,VCS,9,97,F,4,1,Day,203103,1,1,1,0,0,0,1,5,Not at intersection,2,100
T20060002521,202228,N,2507944.161,2387681.343,KINGSTON,KINGSTON,METROPOLITAN SOUTH EAST REGION,MELB_URBAN,-38.01206412,145.0904613,3195,8/1/06,14:00:00,6,Vehicle overturned (no collision),1,Sunday,172,OFF CARRIAGEWAY TO RIGHT                  ,VCS,9,57,J,9,1,Day,202242,1,2,0,1,0,1,1,5,Not at intersection,3,100
T20060002526,37624,I,2498934.605,2407721.341,MELBOURNE,"MELBOURNE,STONNINGTON",METROPOLITAN SOUTH EAST REGION,MELB_URBAN,-37.8315448,144.9878972,3141,1/2/06,5:45:00,1,Collision with vehicle,4,Wednesday,130,REAR END(VEHICLES IN SAME LANE)               ,MEL,40,2H,C,2,3,Dark Street lights on,37247,2,2,0,1,0,1,2,1,Cross intersection,3,60
T20060002536,215465,N,2509450.178,2384773.6,KINGSTON,KINGSTON,METROPOLITAN SOUTH EAST REGION,MELB_URBAN,-38.03824638,145.1076479,3196,20/1/06,10:10:00,1,Collision with vehicle,6,Friday,110,CROSS TRAFFIC(INTERSECTIONS ONLY)              ,MEL,40,77,D,1,1,Day,42150,2,2,1,0,0,1,1,1,Cross intersection,2,60
T20060002544,203092,N,2494513.998,2428780.338,HUME,HUME,METROPOLITAN NORTH WEST REGION,MELB_URBAN,-37.64178093,144.9378357,3061,17/2/06,10:20:00,1,Collision with vehicle,6,Friday,120,HEAD ON (NOT OVERTAKING)                  ,VCS,9,102,J,2,1,Day,203104,2,2,0,2,0,0,1,5,Not at intersection,3,100
T20060002546,26096,N,2512292.018,2377337.944,FRANKSTON,FRANKSTON,METROPOLITAN SOUTH EAST REGION,MELB_URBAN,-38.10520069,145.1401442,3198,18/1/06,21:25:00,1,Collision with vehicle,4,Wednesday,110,CROSS TRAFFIC(INTERSECTIONS ONLY)              ,MEL,40,77,D,6,3,Dark Street lights on,42158,2,2,1,0,0,1,1,1,Cross intersection,3,50
T20060002548,203028,N,2520243.649,2393040.965,DANDENONG,DANDENONG,METROPOLITAN SOUTH EAST REGION,MELB_URBAN,-37.96358922,145.230367,3175,17/2/06,13:30:00,1,Collision with vehicle,6,Friday,140,U TURN                           ,MEL,40,91A,B,9,1,Day,70738,2,3,0,1,0,2,1,1,Cross intersection,3,60
T20060002550,44090,I,2509394.632,2349763.891,MORNINGTON PENINSULA,MORNINGTON PENINSULA,METROPOLITAN SOUTH EAST REGION,RURAL_VICTORIA,-38.3536279,145.1074654,3926,14/1/06,15:50:00,1,Collision with vehicle,7,Saturday,134,LANE CHANGE RIGHT (NOT OVERTAKING)             ,MEL,40,86,K,4,1,Day,35602,2,2,1,0,0,1,1,2,T intersection,2,80
T20060002557,142142,N,2510777.483,2380389.353,KINGSTON,KINGSTON,METROPOLITAN SOUTH EAST REGION,MELB_URBAN,-38.07772974,145.1228318,3197,16/2/06,22:30:00,1,Collision with vehicle,5,Thursday,120,HEAD ON (NOT OVERTAKING)                  ,VCS,9,97,D,3,5,Dark No street lights,203105,2,3,2,1,0,0,1,5,Not at intersection,2,100
T20060002559,29601,I,2501612.506,2403592.709,GLEN EIRA,GLEN EIRA,METROPOLITAN SOUTH EAST REGION,MELB_URBAN,-37.86874259,145.018327,3161,20/1/06,1:00:00,4,Collision with a fixed object,6,Friday,171,LEFT OFF CARRIAGEWAY INTO OBJECT/PARKED VEHICLE       ,MEL,40,68,E,4,3,Dark Street lights on,202198,1,1,0,1,0,0,1,5,Not at intersection,3,60
T20060002565,101099,N,2505900.348,2391069.37,KINGSTON,KINGSTON,METROPOLITAN SOUTH EAST REGION,MELB_URBAN,-37.98155559,145.0671609,3194,9/1/06,17:15:00,1,Collision with vehicle,2,Monday,111,RIGHT FAR (INTERSECTIONS ONLY)               ,MEL,40,2A,J,6,1,Day,22,2,2,0,1,0,1,2,1,Cross intersection,2,60
T20060002569,29437,I,2507494.347,2421106.8,BANYULE,BANYULE,METROPOLITAN NORTH WEST REGION,MELB_URBAN,-37.7109096,145.0849993,3087,17/2/06,14:20:00,1,Collision with vehicle,6,Friday,132,RIGHT REAR.                         ,MEL,40,288,E,8,1,Day,55529,2,3,0,2,0,1,1,2,T intersection,3,60
T20060002570,203029,N,2499469.918,2411677.041,YARRA,YARRA,METROPOLITAN NORTH WEST REGION,MELB_URBAN,-37.79590422,144.9939812,3067,14/2/06,9:00:00,1,Collision with vehicle,3,Tuesday,120,HEAD ON (NOT OVERTAKING)                  ,VCS,9,96,C,9,1,Day,203058,2,2,0,1,0,1,2,5,Not at intersection,3,100
T20060002588,203042,N,2470631.14,2400016.431,WYNDHAM,WYNDHAM,METROPOLITAN NORTH WEST REGION,MELB_URBAN,-37.90050135,144.6660667,3030,17/2/06,15:50:00,1,Collision with vehicle,6,Friday,110,CROSS TRAFFIC(INTERSECTIONS ONLY)              ,MEL,40,1A,F,3,1,Day,205,2,2,0,1,0,1,1,1,Cross intersection,3,50
T20060002592,203044,N,2537921.057,2400880.092,YARRA RANGES,YARRA RANGES,METROPOLITAN SOUTH EAST REGION,RURAL_VICTORIA,-37.89241045,145.4311288,3793,17/2/06,15:25:00,1,Collision with vehicle,6,Friday,130,REAR END(VEHICLES IN SAME LANE)               ,VCS,9,565,U,11,1,Day,203108,3,8,0,2,0,7,1,5,Not at intersection,3,60
T20060002595,203046,N,2495363.185,2410408.008,MELBOURNE,MELBOURNE,METROPOLITAN NORTH WEST REGION,MELB_URBAN,-37.80732692,144.9473431,3003,17/2/06,13:50:00,1,Collision with vehicle,6,Friday,130,REAR END(VEHICLES IN SAME LANE)               ,MEL,40,91A,E,7,1,Day,203110,3,3,1,1,0,1,1,5,Not at intersection,2,60
T20060002599,205003,N,2394016.222,2439384.444,BALLARAT,BALLARAT,WESTERN REGION,RURAL_VICTORIA,-37.54022963,143.800629,3352,17/2/06,10:50:00,4,Collision with a fixed object,6,Friday,183,OFF LEFT BEND INTO OBJECT/PARKED VEHICLE          ,VCS,9,85,D,2,1,Day,203061,1,1,1,0,0,0,1,5,Not at intersection,3,100
T20060002602,36317,I,2496894.428,2410697.144,MELBOURNE,MELBOURNE,METROPOLITAN NORTH WEST REGION,MELB_URBAN,-37.80472816,144.9647335,3053,17/2/06,15:15:00,2,Struck Pedestrian,6,Friday,102,FAR SIDE. PED HIT BY VEHICLE FROM THE LEFT         ,MEL,40,9,C,2,1,Day,38220,1,2,1,0,0,1,1,1,Cross intersection,2,60
T20060002605,202212,N,2499723.696,2402701.512,PORT PHILLIP,PORT PHILLIP,METROPOLITAN NORTH WEST REGION,MELB_URBAN,-37.87677347,144.9968593,3185,17/2/06,15:15:00,1,Collision with vehicle,6,Friday,131,LEFT REAR                          ,MEL,40,74,B,8,1,Day,41967,2,2,0,1,0,1,2,1,Cross intersection,3,60
T20060002606,55528,I,2498380.977,2403997.79,PORT PHILLIP,PORT PHILLIP,METROPOLITAN NORTH WEST REGION,MELB_URBAN,-37.86509286,144.9815999,3182,14/2/06,8:20:00,1,Collision with vehicle,3,Tuesday,131,LEFT REAR                          ,MEL,40,59,E,4,1,Day,91659,2,2,0,1,0,1,2,4,Multiple intersection,3,70
T20060002608,42669,I,2526706.273,2396373.86,KNOX,"KNOX,YARRA RANGES",METROPOLITAN SOUTH EAST REGION,RURAL_VICTORIA,-37.93339977,145.3037912,3156,16/2/06,15:15:00,1,Collision with vehicle,5,Thursday,111,RIGHT FAR (INTERSECTIONS ONLY)               ,MEL,40,40,G,1,1,Day,26103,2,2,0,1,0,1,2,2,T intersection,3,60
T20060002609,55431,I,2496035.554,2406603.071,PORT PHILLIP,PORT PHILLIP,METROPOLITAN NORTH WEST REGION,MELB_URBAN,-37.84161252,144.9549582,3206,17/2/06,15:45:00,2,Struck Pedestrian,6,Friday,100,PED NEAR SIDE. PED HIT BY VEHICLE FROM THE RIGHT.      ,MEL,40,81,E,11,1,Day,203063,1,4,0,1,0,3,1,5,Not at intersection,3,50
T20060002611,42170,I,2503508.582,2397629.196,GLEN EIRA,GLEN EIRA,METROPOLITAN SOUTH EAST REGION,MELB_URBAN,-37.92246698,145.0399052,3204,17/2/06,17:50:00,1,Collision with vehicle,6,Friday,134,LANE CHANGE RIGHT (NOT OVERTAKING)             ,MEL,40,646,G,9,1,Day,203097,2,3,1,0,0,2,1,4,Multiple intersection,2,110