ACCIDENT_NO,NODE_ID,NODE_TYPE,VICGRID94_X,VICGRID94_Y,LGA_NAME,LGA_NAME_ALL,REGION_NAME,DEG_URBAN_NAME,Lat,Long,POSTCODE_NO,ACCIDENTDATE,ACCIDENTTIME,ACCIDENT_TYPE,Accident Type Desc,DAY_OF_WEEK,Day Week Description,DCA_CODE,DCA Description,DIRECTORY,EDITION,PAGE,GRID_REFERENCE_X,GRID_REFERENCE_Y,LIGHT_CONDITION,Light Condition Desc,NODE_ID,NO_OF_VEHICLES,NO_PERSONS,NO_PERSONS_INJ_2,NO_PERSONS_INJ_3,NO_PERSONS_KILLED,NO_PERSONS_NOT_INJ,POLICE_ATTEND,ROAD_GEOMETRY,Road Geometry Desc,SEVERITY,SPEED_ZONE
T20060002612,203049,N,2547623.878,2413086.218,YARRA RANGES,YARRA RANGES,METROPOLITAN SOUTH EAST REGION,TOWNS,-37.78198905,145.5406511,3139,17/2/06,18:05:00,1,Collision with vehicle,6,Friday,130,REAR END(VEHICLES IN SAME LANE)               ,MEL,40,67,J,10,1,Day,203098,2,2,1,0,0,1,1,5,Not at intersection,2,80
T20060002615,202941,N,2499639.785,2396240.109,BAYSIDE,BAYSIDE,METROPOLITAN SOUTH EAST REGION,MELB_URBAN,-37.93498865,144.9959024,3188,17/2/06,18:35:00,1,Collision with vehicle,6,Friday,113,RIGHT NEAR (INTERSECTIONS ONLY)               ,MEL,40,58,G,11,1,Day,40184,2,5,0,1,0,4,1,2,T intersection,3,60
T20060002616,35540,I,2500276.018,2400423.936,BAYSIDE,BAYSIDE,METROPOLITAN SOUTH EAST REGION,MELB_URBAN,-37.89729389,145.0031383,3186,17/2/06,18:40:00,1,Collision with vehicle,6,Friday,113,RIGHT NEAR (INTERSECTIONS ONLY)               ,MEL,40,35,J,12,1,Day,38409,2,2,1,0,0,1,1,2,T intersection,2,70
T20060002618,203051,N,2496276.546,2423202.773,MORELAND,MORELAND,METROPOLITAN NORTH WEST REGION,MELB_URBAN,-37.69204665,144.9577799,3060,17/2/06,19:30:00,5,collision with some other object,6,Friday,166,STRUCK OBJECT ON CARRIAGEWAY                ,VCS,9,637,T,3,2,Dusk/Dawn,203117,2,3,0,1,0,2,1,5,Not at intersection,3,100
T20060002620,202195,N,2502330.344,2401895.197,GLEN EIRA,GLEN EIRA,METROPOLITAN SOUTH EAST REGION,MELB_URBAN,-37.88403532,145.0264909,3162,12/2/06,17:25:00,1,Collision with vehicle,1,Sunday,131,LEFT REAR                          ,MEL,40,59,H,6,1,Day,203099,2,2,0,1,0,1,2,5,Not at intersection,3,60
T20060002623,673,I,2500498.073,2400389.063,GLEN EIRA,"BAYSIDE,GLEN EIRA",METROPOLITAN SOUTH EAST REGION,MELB_URBAN,-37.89760799,145.005663,3185,16/2/06,23:00:00,4,Collision with a fixed object,5,Thursday,173,RIGHT OFF CARRIAGEWAY INTO OBJECT/PARKED VEHICLE      ,VCS,9,66,F,9,5,Dark No street lights,203100,1,2,2,0,0,0,1,5,Not at intersection,2,100
T20060002623,673,I,2500498.073,2400389.063,GLEN EIRA,"BAYSIDE,GLEN EIRA",METROPOLITAN SOUTH EAST REGION,MELB_URBAN,-37.89760799,145.005663,3186,17/2/06,20:00:00,1,Collision with vehicle,6,Friday,130,REAR END(VEHICLES IN SAME LANE)               ,MEL,40,79,F,1,2,Dusk/Dawn,203118,2,5,1,0,0,4,1,5,Not at intersection,2,80
T20060002626,202196,N,2499536.982,2412257.933,YARRA,YARRA,METROPOLITAN NORTH WEST REGION,MELB_URBAN,-37.79067035,144.994743,3068,17/2/06,21:00:00,3,Struck animal,6,Friday,167,STRUCK ANIMAL                        ,VCS,9,58,H,8,5,Dark No street lights,205403,1,3,2,0,0,1,1,5,Not at intersection,2,100
T20060002632,40051,I,2496679.715,2405352.526,PORT PHILLIP,PORT PHILLIP,METROPOLITAN NORTH WEST REGION,MELB_URBAN,-37.85288235,144.9622712,3206,17/2/06,18:55:00,1,Collision with vehicle,6,Friday,120,HEAD ON (NOT OVERTAKING)                  ,VCS,9,63,F,3,1,Day,203121,2,4,0,1,0,3,1,5,Not at intersection,3,100
T20060002634,202236,N,2443849.19,2379087.461,GEELONG,GEELONG,SOUTH WESTERN REGION,LARGE_PROVINCIAL_CITIES,-38.08782055,144.3599545,3214,17/2/06,20:27:00,1,Collision with vehicle,6,Friday,134,LANE CHANGE RIGHT (NOT OVERTAKING)             ,MEL,40,7,G,10,3,Dark Street lights on,203123,2,3,1,0,0,2,1,5,Not at intersection,2,60
T20060002636,203095,N,2506227.201,2401833.955,STONNINGTON,STONNINGTON,METROPOLITAN SOUTH EAST REGION,MELB_URBAN,-37.88456915,145.0707902,3145,17/2/06,6:40:00,4,Collision with a fixed object,6,Friday,173,RIGHT OFF CARRIAGEWAY INTO OBJECT/PARKED VEHICLE      ,MEL,40,94,E,2,2,Dusk/Dawn,43256,1,1,0,1,0,0,1,1,Cross intersection,3,80
T20060002637,202237,N,2457223.896,2423799.205,MELTON,MELTON,METROPOLITAN NORTH WEST REGION,SMALL_CITIES,-37.68569814,144.515002,3337,17/2/06,23:20:00,1,Collision with vehicle,6,Friday,160,VEHICLE COLLIDES WITH VEHICLE PARKED ON LEFT OF ROAD    ,MEL,40,97,K,7,5,Dark No street lights,203102,2,1,0,1,0,0,1,5,Not at intersection,3,100
T20060002640,205402,N,2496600.907,2408825.528,MELBOURNE,MELBOURNE,METROPOLITAN NORTH WEST REGION,MELB_URBAN,-37.82159048,144.9613917,3006,17/2/06,22:30:00,2,Struck Pedestrian,6,Friday,102,FAR SIDE. PED HIT BY VEHICLE FROM THE LEFT         ,MEL,40,2P,A,4,3,Dark Street lights on,186791,1,3,1,0,0,2,1,5,Not at intersection,2,60
T20060002642,202238,N,2457222.826,2423800.09,MELTON,MELTON,METROPOLITAN NORTH WEST REGION,SMALL_CITIES,-37.68569012,144.5149899,3337,17/2/06,12:05:00,4,Collision with a fixed object,6,Friday,171,LEFT OFF CARRIAGEWAY INTO OBJECT/PARKED VEHICLE       ,VCS,9,65,E,9,1,Day,205404,1,1,1,0,0,0,1,5,Not at intersection,2,100
T20060002648,49935,I,2443262.488,2372465.728,GEELONG,GEELONG,SOUTH WESTERN REGION,LARGE_PROVINCIAL_CITIES,-38.14743713,144.3527539,3220,10/2/06,19:30:00,1,Collision with vehicle,6,Friday,132,RIGHT REAR.                         ,MEL,40,29,G,8,2,Dusk/Dawn,29840,2,2,0,1,0,1,2,1,Cross intersection,3,60
T20060002652,49567,I,2450993.325,2424761.952,MOORABOOL,MOORABOOL,WESTERN REGION,SMALL_CITIES,-37.6767166,144.4444246,3340,18/2/06,7:00:00,4,Collision with a fixed object,7,Saturday,181,OFF RIGHT BEND INTO OBJECT/PARKED VEHICLE          ,MEL,40,91A,C,9,1,Day,210381,1,1,1,0,0,0,1,5,Not at intersection,2,60
T20060002655,202197,N,2497329.422,2407782.645,PORT PHILLIP,PORT PHILLIP,METROPOLITAN NORTH WEST REGION,MELB_URBAN,-37.83098922,144.9696627,3205,18/2/06,7:20:00,4,Collision with a fixed object,6,Saturday,171,LEFT OFF CARRIAGEWAY INTO OBJECT/PARKED VEHICLE       ,MEL,43,469,F,8,1,Day,347728,1,1,1,0,0,0,1,5,Not at intersection,2,100
T20060002657,35597,I,2530559.402,2394068.362,YARRA RANGES,YARRA RANGES,METROPOLITAN SOUTH EAST REGION,RURAL_VICTORIA,-37.95405232,145.347717,3804,16/2/06,14:45:00,1,Collision with vehicle,5,Thursday,130,REAR END(VEHICLES IN SAME LANE)               ,MEL,40,18,F,11,1,Day,203126,2,2,0,1,0,1,2,5,Not at intersection,3,60
T20060002659,52148,I,2610969.319,2368640.543,LATROBE,LATROBE,EASTERN REGION,SMALL_CITIES,-38.17698471,146.2664331,3825,17/2/06,16:15:00,1,Collision with vehicle,6,Friday,140,U TURN                           ,VCS,9,102,E,2,1,Day,203107,2,3,0,1,0,2,1,5,Not at intersection,3,100
T20060002665,119,I,2497846.752,2407202.49,MELBOURNE,"MELBOURNE,PORT PHILLIP",METROPOLITAN NORTH WEST REGION,MELB_URBAN,-37.83621774,144.9755378,3004,16/2/06,13:15:00,1,Collision with vehicle,5,Thursday,130,REAR END(VEHICLES IN SAME LANE)               ,MEL,40,95,D,7,1,Day,168,2,2,0,1,0,1,2,2,T intersection,3,70
T20060002666,37597,I,2498076.194,2406409.632,MELBOURNE,"MELBOURNE,PORT PHILLIP",METROPOLITAN NORTH WEST REGION,MELB_URBAN,-37.84336185,144.9781423,3004,18/2/06,13:10:00,1,Collision with vehicle,7,Saturday,140,U TURN                           ,MEL,40,315,C,3,1,Day,203109,2,3,0,1,0,2,1,5,Not at intersection,3,100
T20060002670,46537,I,2503771.376,2407408.617,BOROONDARA,BOROONDARA,METROPOLITAN SOUTH EAST REGION,MELB_URBAN,-37.83435539,145.0428441,3122,18/2/06,9:15:00,4,Collision with a fixed object,7,Saturday,173,RIGHT OFF CARRIAGEWAY INTO OBJECT/PARKED VEHICLE      ,VCS,9,104,E,4,1,Day,203111,1,2,2,0,0,0,1,5,Not at intersection,2,100
T20060002671,11452,I,2486748.35,2419384.231,BRIMBANK,BRIMBANK,METROPOLITAN NORTH WEST REGION,MELB_URBAN,-37.72636649,144.8496718,3033,18/2/06,13:45:00,1,Collision with vehicle,7,Saturday,121,RIGHT THROUGH                        ,MEL,40,2P,H,2,1,Day,36166,2,6,0,1,0,5,1,1,Cross intersection,2,40
T20060002672,35859,N,2501277.627,2399414.276,BAYSIDE,BAYSIDE,METROPOLITAN SOUTH EAST REGION,MELB_URBAN,-37.90638978,145.0145281,3187,18/2/06,13:30:00,1,Collision with vehicle,7,Saturday,130,REAR END(VEHICLES IN SAME LANE)               ,VCS,9,566,D,8,1,Day,52861,3,7,0,1,0,6,1,1,Cross intersection,3,60
T20060002673,203103,N,2610182.953,2373972.244,BAW BAW,BAW BAW,EASTERN REGION,RURAL_VICTORIA,-38.1290516,146.2566566,3825,18/2/06,14:00:00,1,Collision with vehicle,7,Saturday,132,RIGHT REAR.                         ,MEL,40,205,G,8,1,Day,44327,2,2,0,1,0,1,2,4,Multiple intersection,3,60
T20060002674,202242,N,2367070.742,2449822.696,PYRENEES,PYRENEES,WESTERN REGION,RURAL_VICTORIA,-37.44273339,143.4976086,3373,18/2/06,13:10:00,4,Collision with a fixed object,7,Saturday,173,RIGHT OFF CARRIAGEWAY INTO OBJECT/PARKED VEHICLE      ,VCS,9,47,H,4,1,Day,201531,1,2,1,0,1,0,1,5,Not at intersection,1,100
T20060002675,37247,I,2500363.574,2410011.059,YARRA,YARRA,METROPOLITAN NORTH WEST REGION,MELB_URBAN,-37.81091494,145.004129,3067,17/2/06,18:30:00,1,Collision with vehicle,6,Friday,110,CROSS TRAFFIC(INTERSECTIONS ONLY)              ,MEL,40,19,K,12,1,Day,44623,2,3,1,1,0,1,1,1,Cross intersection,2,50
T20060002675,37247,I,2500363.574,2410011.059,YARRA,YARRA,METROPOLITAN NORTH WEST REGION,MELB_URBAN,-37.81091494,145.004129,3121,18/2/06,11:50:00,5,collision with some other object,7,Saturday,183,OFF LEFT BEND INTO OBJECT/PARKED VEHICLE          ,VCS,9,61,D,4,1,Day,202564,1,1,0,0,1,0,1,5,Not at intersection,1,100
T20060002676,42150,I,2503232.737,2397670.739,GLEN EIRA,GLEN EIRA,METROPOLITAN SOUTH EAST REGION,MELB_URBAN,-37.9220937,145.0367677,3204,14/2/06,13:45:00,4,Collision with a fixed object,3,Tuesday,173,RIGHT OFF CARRIAGEWAY INTO OBJECT/PARKED VEHICLE      ,MEL,40,51,C,12,1,Day,55534,1,1,0,1,0,0,1,2,T intersection,3,50
T20060002677,203104,N,2583636.692,2331134.623,SOUTH GIPPSLAND,SOUTH GIPPSLAND,EASTERN REGION,RURAL_VICTORIA,-38.51767878,145.9588359,3953,18/2/06,15:05:00,1,Collision with vehicle,7,Saturday,121,RIGHT THROUGH                        ,MEL,40,202,K,6,1,Day,44309,2,3,0,1,0,2,1,1,Cross intersection,3,70
T20060002678,42158,I,2502957.581,2395652.46,BAYSIDE,BAYSIDE,METROPOLITAN SOUTH EAST REGION,MELB_URBAN,-37.94027847,145.0336463,3188,18/2/06,16:40:00,1,Collision with vehicle,7,Saturday,148,VEHICLE OFF FOOTPATH STRIKES VEH ON CARRIAGEWAY,MEL,40,2B,A,8,1,Day,36190,2,2,0,1,0,1,1,1,Cross intersection,3,50
T20060002681,70738,I,2518261.844,2389991.798,DANDENONG,DANDENONG,METROPOLITAN SOUTH EAST REGION,MELB_URBAN,-37.99110292,145.2078924,3175,18/2/06,15:40:00,4,Collision with a fixed object,7,Saturday,173,RIGHT OFF CARRIAGEWAY INTO OBJECT/PARKED VEHICLE      ,MEL,40,71,E,1,1,Day,48266,1,1,1,0,0,0,1,1,Cross intersection,2,50
T20060002683,35602,I,2505649.075,2391929.851,KINGSTON,KINGSTON,METROPOLITAN SOUTH EAST REGION,MELB_URBAN,-37.97380475,145.0642941,3192,18/2/06,16:38:00,1,Collision with vehicle,7,Saturday,113,RIGHT NEAR (INTERSECTIONS ONLY)               ,MEL,40,82,B,10,1,Day,42667,2,4,1,0,0,3,1,2,T intersection,2,80
T20060002683,35602,I,2505649.075,2391929.851,KINGSTON,KINGSTON,METROPOLITAN SOUTH EAST REGION,MELB_URBAN,-37.97380475,145.0642941,3194,18/2/06,17:35:00,6,Vehicle overturned (no collision),7,Saturday,170,OFF CARRIAGEWAY TO LEFT                   ,VCS,9,3,B,4,1,Day,211154,1,1,1,0,0,0,1,5,Not at intersection,3,100
T20060002685,203105,N,2601511.777,2377542.558,BAW BAW,BAW BAW,EASTERN REGION,RURAL_VICTORIA,-38.09788032,146.1572754,3825,18/2/06,18:20:00,2,Struck Pedestrian,7,Saturday,108,PED STRUCK WALKING TO/FROM OR BOARDING/ALIGHTING VEHICLE.  ,MEL,40,2S,C,7,1,Day,205406,1,2,1,0,0,1,1,5,Not at intersection,2,60
T20060002688,202198,N,2503353.823,2401626.884,GLEN EIRA,GLEN EIRA,METROPOLITAN SOUTH EAST REGION,MELB_URBAN,-37.88644962,145.0381269,3162,18/2/06,18:10:00,4,Collision with a fixed object,7,Saturday,175,OFF END OF ROAD/T-INTERSECTION.               ,MEL,40,33,G,11,1,Day,55535,1,1,0,1,0,0,1,2,T intersection,3,50
T20060002688,202198,N,2503353.823,2401626.884,GLEN EIRA,GLEN EIRA,METROPOLITAN SOUTH EAST REGION,MELB_URBAN,-37.88644962,145.0381269,3163,18/2/06,9:00:00,7,Fall from or in moving vehicle,6,Saturday,152,PULLING OUT (OVERTAKING)                  ,MEL,40,58,G,10,1,Day,37430,2,2,1,0,0,1,2,1,Cross intersection,2,60
T20060002689,22,I,2495701.925,2411599.135,MELBOURNE,MELBOURNE,METROPOLITAN NORTH WEST REGION,MELB_URBAN,-37.79659639,144.9511968,3051,18/2/06,19:20:00,4,Collision with a fixed object,7,Saturday,171,LEFT OFF CARRIAGEWAY INTO OBJECT/PARKED VEHICLE       ,MEL,40,110,K,7,2,Dusk/Dawn,203113,1,5,0,2,0,3,1,5,Not at intersection,3,80
T20060002689,22,I,2495701.925,2411599.135,MELBOURNE,MELBOURNE,METROPOLITAN NORTH WEST REGION,MELB_URBAN,-37.79659639,144.9511968,3052,18/2/06,18:38:00,1,Collision with vehicle,7,Saturday,130,REAR END(VEHICLES IN SAME LANE)               ,MEL,40,2E,F,3,1,Day,36794,2,2,0,1,0,1,1,1,Cross intersection,3,50
T20060002690,55529,I,2554114.942,2413009.472,YARRA RANGES,YARRA RANGES,METROPOLITAN SOUTH EAST REGION,TOWNS,-37.78232575,145.6143447,3797,18/2/06,21:20:00,6,Vehicle overturned (no collision),7,Saturday,172,OFF CARRIAGEWAY TO RIGHT                  ,VCS,9,32,B,7,5,Dark No street lights,209211,1,1,1,0,0,0,1,5,Not at intersection,2,100
T20060002693,203058,N,2555289.813,2333508.947,BASS COAST,BASS COAST,EASTERN REGION,RURAL_VICTORIA,-38.49842997,145.6336897,3979,18/2/06,21:00:00,4,Collision with a fixed object,7,Saturday,181,OFF RIGHT BEND INTO OBJECT/PARKED VEHICLE          ,VCS,9,76,G,5,5,Dark No street lights,26972,2,2,0,1,1,0,1,5,Not at intersection,1,100
T20060002698,205,I,2496242.303,2409699.743,MELBOURNE,MELBOURNE,METROPOLITAN NORTH WEST REGION,MELBOURNE_CBD,-37.81371239,144.957323,3000,19/2/06,3:45:00,2,Struck Pedestrian,1,Sunday,100,PED NEAR SIDE. PED HIT BY VEHICLE FROM THE RIGHT.      ,MEL,40,29,K,7,3,Dark Street lights on,203056,1,2,1,0,0,1,1,5,Not at intersection,2,60
T20060002701,203108,N,2397165.36,2435234.941,BALLARAT,BALLARAT,WESTERN REGION,LARGE_PROVINCIAL_CITIES,-37.57796982,143.8356885,3350,19/2/06,4:00:00,4,Collision with a fixed object,1,Sunday,181,OFF RIGHT BEND INTO OBJECT/PARKED VEHICLE          ,MEL,40,441,H,10,3,Dark Street lights on,155410,1,3,0,3,0,0,1,5,Not at intersection,3,60
T20060002702,203110,N,2518799.051,2390320.025,DANDENONG,DANDENONG,METROPOLITAN SOUTH EAST REGION,MELB_URBAN,-37.9881351,145.2139995,3175,18/2/06,21:38:00,1,Collision with vehicle,7,Saturday,130,REAR END(VEHICLES IN SAME LANE)               ,MEL,40,92,F,1,2,Dusk/Dawn,203059,2,2,1,0,0,1,1,5,Not at intersection,2,60
T20060002710,203061,N,2777823.663,2434007.662,EAST GIPPSLAND,EAST GIPPSLAND,EASTERN REGION,RURAL_VICTORIA,-37.5533395,148.1450389,3885,19/2/06,2:40:00,4,Collision with a fixed object,1,Sunday,173,RIGHT OFF CARRIAGEWAY INTO OBJECT/PARKED VEHICLE      ,MEL,40,171,J,1,5,Dark No street lights,201525,1,1,0,0,1,0,1,5,Not at intersection,1,100
T20060002711,38220,I,2502689.978,2426668.784,WHITTLESEA,WHITTLESEA,METROPOLITAN NORTH WEST REGION,MELB_URBAN,-37.66081959,145.030489,3076,18/2/06,15:10:00,6,Vehicle overturned (no collision),7,Saturday,182,OFF CARRIAGEWAY ON LEFT BEND                ,VCS,9,36,E,9,1,Day,203114,1,1,0,1,0,0,1,5,Not at intersection,3,100
T20060002714,41967,I,2525907.96,2400028.844,KNOX,"KNOX,YARRA RANGES",METROPOLITAN SOUTH EAST REGION,RURAL_VICTORIA,-37.90049245,145.2945816,3156,19/2/06,7:20:00,1,Collision with vehicle,1,Sunday,121,RIGHT THROUGH                        ,MEL,40,402,N,8,2,Dusk/Dawn,49988,2,2,0,2,0,0,1,1,Cross intersection,3,60
T20060002715,91659,I,2503436.934,2406261.522,STONNINGTON,STONNINGTON,METROPOLITAN SOUTH EAST REGION,MELB_URBAN,-37.84469195,145.0390501,3144,19/2/06,8:25:00,4,Collision with a fixed object,1,Sunday,173,RIGHT OFF CARRIAGEWAY INTO OBJECT/PARKED VEHICLE      ,MEL,40,465,H,5,1,Day,203115,1,2,1,1,0,0,1,5,Not at intersection,3,70
T20060002727,26103,I,2484771.042,2412666.654,BRIMBANK,BRIMBANK,METROPOLITAN NORTH WEST REGION,MELB_URBAN,-37.78686323,144.8271026,3020,19/2/06,9:45:00,1,Collision with vehicle,1,Sunday,113,RIGHT NEAR (INTERSECTIONS ONLY)               ,MEL,40,199,G,11,1,Day,36409,2,2,0,1,0,1,2,2,T intersection,3,60
T20060002728,203063,N,2519251.323,2393647.664,DANDENONG,DANDENONG,METROPOLITAN SOUTH EAST REGION,MELB_URBAN,-37.95814585,145.2190608,3175,19/2/06,8:45:00,4,Collision with a fixed object,1,Sunday,173,RIGHT OFF CARRIAGEWAY INTO OBJECT/PARKED VEHICLE      ,MEL,40,49,C,4,1,Day,203116,1,1,0,1,0,0,1,5,Not at intersection,3,60
T20060002733,203097,N,2500504.66,2454471.735,MITCHELL,MITCHELL,NORTHERN REGION,TOWNS,-37.4102916,145.0057011,3756,19/2/06,11:50:00,4,Collision with a fixed object,1,Sunday,173,RIGHT OFF CARRIAGEWAY INTO OBJECT/PARKED VEHICLE      ,MEL,40,71,C,5,1,Day,96961,1,1,1,0,0,0,1,5,Not at intersection,2,50
T20060002734,203098,N,2501015.656,2399090.169,BAYSIDE,BAYSIDE,METROPOLITAN SOUTH EAST REGION,MELB_URBAN,-37.90931021,145.0115497,3187,18/2/06,13:00:00,1,Collision with vehicle,7,Saturday,121,RIGHT THROUGH                        ,MEL,40,16,J,9,1,Day,41456,2,4,0,1,0,3,1,5,Not at intersection,3,60
T20060002738,40184,I,2500555.546,2403411.975,GLEN EIRA,GLEN EIRA,METROPOLITAN SOUTH EAST REGION,MELB_URBAN,-37.87037221,145.0063142,3183,18/2/06,15:25:00,1,Collision with vehicle,7,Saturday,130,REAR END(VEHICLES IN SAME LANE)               ,MEL,40,2G,G,8,1,Day,203066,3,5,0,1,0,4,2,5,Not at intersection,3,60
T20060002747,38409,I,2520508.225,2412938.464,MANNINGHAM,MANNINGHAM,METROPOLITAN SOUTH EAST REGION,MELB_URBAN,-37.78431283,145.2328262,3114,19/2/06,13:25:00,1,Collision with vehicle,1,Sunday,113,RIGHT NEAR (INTERSECTIONS ONLY)               ,MEL,40,42,K,7,1,Day,232199,2,3,1,0,0,2,1,2,T intersection,2,80
T20060002747,38409,I,2520508.225,2412938.464,MANNINGHAM,MANNINGHAM,METROPOLITAN SOUTH EAST REGION,MELB_URBAN,-37.78431283,145.2328262,3134,19/2/06,14:10:00,1,Collision with vehicle,1,Sunday,121,RIGHT THROUGH                        ,MEL,40,20,E,4,1,Day,29437,2,3,0,3,0,0,1,2,T intersection,3,80
T20060002752,203117,N,2478145.023,2461055.405,MACEDON RANGES,MACEDON RANGES,NORTHERN REGION,TOWNS,-37.35070838,144.7533,3434,19/2/06,4:00:00,1,Collision with vehicle,1,Sunday,160,VEHICLE COLLIDES WITH VEHICLE PARKED ON LEFT OF ROAD    ,MEL,40,58,F,8,3,Dark Street lights on,203119,4,1,0,1,0,0,1,5,Not at intersection,3,70
T20060002753,203099,N,2504626.328,2405496.465,STONNINGTON,STONNINGTON,METROPOLITAN SOUTH EAST REGION,MELB_URBAN,-37.85157989,145.0525686,3146,19/2/06,5:45:00,4,Collision with a fixed object,1,Sunday,173,RIGHT OFF CARRIAGEWAY INTO OBJECT/PARKED VEHICLE      ,MEL,40,20,E,5,2,Dusk/Dawn,37079,1,1,1,0,0,0,1,3,Y intersection,2,80
T20060002762,203100,N,2750461.664,2442400.29,EAST GIPPSLAND,EAST GIPPSLAND,EASTERN REGION,RURAL_VICTORIA,-37.48549003,147.8326606,3893,17/2/06,17:10:00,1,Collision with vehicle,6,Friday,121,RIGHT THROUGH                        ,MEL,40,6,J,9,1,Day,44550,2,2,1,0,0,1,1,1,Cross intersection,3,60
T20060002764,203118,N,2511826.469,2398017.871,MONASH,MONASH,METROPOLITAN SOUTH EAST REGION,MELB_URBAN,-37.91889652,145.1345033,3168,19/2/06,6:00:00,1,Collision with vehicle,1,Sunday,130,REAR END(VEHICLES IN SAME LANE)               ,MEL,40,29,B,11,2,Dusk/Dawn,203073,2,3,1,0,0,2,1,5,Not at intersection,2,100
T20060002768,205403,N,2409953.264,2453815.957,HEPBURN,HEPBURN,WESTERN REGION,RURAL_VICTORIA,-37.41186568,143.9827115,3364,19/2/06,6:45:00,1,Collision with vehicle,1,Sunday,160,VEHICLE COLLIDES WITH VEHICLE PARKED ON LEFT OF ROAD    ,MEL,40,89,C,9,2,Dusk/Dawn,26100,3,1,1,0,0,0,1,5,Not at intersection,2,60
T20060002769,203121,N,2613024.469,2486991.121,MANSFIELD,MANSFIELD,NORTH EASTERN REGION,RURAL_VICTORIA,-37.11043324,146.2718412,3723,17/2/06,16:30:00,1,Collision with vehicle,6,Friday,130,REAR END(VEHICLES IN SAME LANE)               ,MEL,40,29,G,10,1,Day,205407,4,4,0,1,0,3,2,5,Not at intersection,3,60
T20060002770,203123,N,2496556.832,2423452.96,HUME,HUME,METROPOLITAN NORTH WEST REGION,MELB_URBAN,-37.68979342,144.9609592,3061,19/2/06,13:00:00,4,Collision with a fixed object,1,Sunday,171,LEFT OFF CARRIAGEWAY INTO OBJECT/PARKED VEHICLE       ,VCS,9,73,E,4,1,Day,204999,1,1,0,0,1,0,1,5,Not at intersection,1,100
T20060002772,43256,N,2515043.328,2387728.846,DANDENONG,DANDENONG,METROPOLITAN SOUTH EAST REGION,MELB_URBAN,-38.01154822,145.1712993,3173,19/2/06,0:43:00,4,Collision with a fixed object,1,Sunday,171,LEFT OFF CARRIAGEWAY INTO OBJECT/PARKED VEHICLE       ,VCS,9,572,E,4,3,Dark Street lights on,203120,1,3,2,1,0,0,1,5,Not at intersection,2,50
T20060002775,203102,N,2513196.883,2380744.391,KINGSTON,KINGSTON,METROPOLITAN SOUTH EAST REGION,MELB_URBAN,-38.07449995,145.1503994,3197,19/2/06,15:45:00,6,Vehicle overturned (no collision),1,Sunday,172,OFF CARRIAGEWAY TO RIGHT                  ,VCS,9,44,H,8,1,Day,203122,1,1,1,0,0,0,1,5,Not at intersection,2,100
T20060002777,186791,N,2498037.666,2404609.613,PORT PHILLIP,PORT PHILLIP,METROPOLITAN NORTH WEST REGION,MELB_URBAN,-37.85957976,144.9776998,3182,19/2/06,17:20:00,1,Collision with vehicle,1,Sunday,152,PULLING OUT (OVERTAKING)                  ,VCS,9,566,D,8,1,Day,255260,2,3,1,1,0,1,1,5,Not at intersection,3,100
T20060002783,205404,N,2697938.312,2445340.687,WELLINGTON,WELLINGTON,EASTERN REGION,RURAL_VICTORIA,-37.47160639,147.2381005,3862,19/2/06,14:25:00,4,Collision with a fixed object,1,Sunday,171,LEFT OFF CARRIAGEWAY INTO OBJECT/PARKED VEHICLE       ,MEL,40,59,C,6,1,Day,205419,1,2,1,0,0,1,1,5,Not at intersection,2,60
T20060002787,29840,I,2496635.892,2414678.32,MORELAND,MORELAND,METROPOLITAN NORTH WEST REGION,MELB_URBAN,-37.76885629,144.9618157,3056,19/2/06,20:00:00,1,Collision with vehicle,1,Sunday,120,HEAD ON (NOT OVERTAKING)                  ,MEL,40,124,C,2,2,Dusk/Dawn,203076,2,5,0,1,0,4,2,5,Not at intersection,3,50