ACCIDENT_NO,NODE_ID,NODE_TYPE,VICGRID94_X,VICGRID94_Y,LGA_NAME,LGA_NAME_ALL,REGION_NAME,DEG_URBAN_NAME,Lat,Long,POSTCODE_NO,ACCIDENTDATE,ACCIDENTTIME,ACCIDENT_TYPE,Accident Type Desc,DAY_OF_WEEK,Day Week Description,DCA_CODE,DCA Description,DIRECTORY,EDITION,PAGE,GRID_REFERENCE_X,GRID_REFERENCE_Y,LIGHT_CONDITION,Light Condition Desc,NODE_ID,NO_OF_VEHICLES,NO_PERSONS,NO_PERSONS_INJ_2,NO_PERSONS_INJ_3,NO_PERSONS_KILLED,NO_PERSONS_NOT_INJ,POLICE_ATTEND,ROAD_GEOMETRY,Road Geometry Desc,SEVERITY,SPEED_ZONE
T20060002788,210381,N,2518512.267,2389951.799,DANDENONG,DANDENONG,METROPOLITAN SOUTH EAST REGION,MELB_URBAN,-37.99145833,145.2107442,3175,19/2/06,19:00:00,4,Collision with a fixed object,1,Sunday,171,LEFT OFF CARRIAGEWAY INTO OBJECT/PARKED VEHICLE       ,VCS,9,96,B,8,1,Day,205420,1,1,0,1,0,0,2,5,Not at intersection,3,100
T20060002789,347728,N,2457220.288,2365597.259,GEELONG,GEELONG,SOUTH WESTERN REGION,RURAL_VICTORIA,-38.21006053,144.5115755,3222,10/1/06,2:00:00,4,Collision with a fixed object,3,Tuesday,171,LEFT OFF CARRIAGEWAY INTO OBJECT/PARKED VEHICLE       ,MEL,40,41,H,9,3,Dark Street lights on,38651,1,1,0,1,0,0,1,2,T intersection,3,60
T20060002791,203126,N,2500073.219,2418141.813,DAREBIN,DAREBIN,METROPOLITAN NORTH WEST REGION,MELB_URBAN,-37.73765537,145.0008307,3072,12/1/06,4:30:00,1,Collision with vehicle,5,Thursday,130,REAR END(VEHICLES IN SAME LANE)               ,MEL,40,244,B,4,5,Dark No street lights,202262,2,2,0,1,0,1,1,5,Not at intersection,3,100
T20060002794,203107,N,2562832.915,2331985.171,SOUTH GIPPSLAND,SOUTH GIPPSLAND,EASTERN REGION,RURAL_VICTORIA,-38.51167082,145.720272,3951,18/2/06,16:04:00,4,Collision with a fixed object,7,Saturday,171,LEFT OFF CARRIAGEWAY INTO OBJECT/PARKED VEHICLE       ,VCS,9,519,P,1,1,Day,201573,1,4,3,0,1,0,1,5,Not at intersection,1,80
T20060002796,168,I,2518608.039,2385489.291,DANDENONG,DANDENONG,METROPOLITAN SOUTH EAST REGION,MELB_URBAN,-38.03166014,145.2119476,3175,13/1/06,13:00:00,1,Collision with vehicle,6,Friday,140,U TURN                           ,MEL,40,58,H,11,1,Day,202219,2,2,0,1,0,1,1,5,Not at intersection,3,60
T20060002805,203109,N,2541845.157,2387191.957,CARDINIA,CARDINIA,METROPOLITAN SOUTH EAST REGION,RURAL_VICTORIA,-38.0155636,145.4765206,3810,20/2/06,7:25:00,1,Collision with vehicle,2,Monday,110,CROSS TRAFFIC(INTERSECTIONS ONLY)              ,MEL,40,71,A,8,2,Dusk/Dawn,47202,2,2,1,0,0,1,1,1,Cross intersection,2,70
T20060002806,203111,N,2648046.822,2316194.664,WELLINGTON,WELLINGTON,EASTERN REGION,RURAL_VICTORIA,-38.64411981,146.7001886,3971,20/1/06,20:15:00,1,Collision with vehicle,6,Friday,130,REAR END(VEHICLES IN SAME LANE)               ,MEL,40,88,C,7,2,Dusk/Dawn,70662,2,2,0,1,0,1,1,2,T intersection,3,80
T20060002808,36166,I,2499368.99,2405150.986,STONNINGTON,STONNINGTON,METROPOLITAN SOUTH EAST REGION,MELB_URBAN,-37.85470392,144.9928296,3181,19/2/06,16:50:00,6,Vehicle overturned (no collision),1,Sunday,170,OFF CARRIAGEWAY TO LEFT                   ,VCS,9,26,E,9,1,Day,203125,1,2,1,0,0,1,1,5,Not at intersection,2,100
T20060002810,52861,I,2399125.348,2437274.583,BALLARAT,BALLARAT,WESTERN REGION,LARGE_PROVINCIAL_CITIES,-37.5598061,143.8581546,3350,24/1/06,18:45:00,1,Collision with vehicle,3,Tuesday,140,U TURN                           ,MEL,40,2H,A,10,1,Day,37214,2,2,0,1,0,1,1,2,T intersection,3,50
T20060002812,44327,I,2469303.901,2399744.851,WYNDHAM,WYNDHAM,METROPOLITAN NORTH WEST REGION,MELB_URBAN,-37.9029053,144.6509644,3030,25/1/06,18:45:00,1,Collision with vehicle,4,Wednesday,147,VEHICLE STRIKES ANOTHER VEH WHILE EMERGING FROM DRIVEWAY,MEL,40,2L,G,12,1,Day,37662,2,2,1,0,0,1,1,2,T intersection,2,60
T20060002817,201531,N,2587414.49,2534470.645,BENALLA,BENALLA,NORTH EASTERN REGION,RURAL_VICTORIA,-36.68528984,145.9781911,3673,17/2/06,16:30:00,2,Struck Pedestrian,6,Friday,102,FAR SIDE. PED HIT BY VEHICLE FROM THE LEFT         ,VCS,9,607,S,7,1,Day,29982,1,2,0,1,0,1,2,1,Cross intersection,3,50
T20060002819,44623,I,2505631.407,2417700.37,BANYULE,BANYULE,METROPOLITAN NORTH WEST REGION,MELB_URBAN,-37.74161589,145.0638962,3084,16/2/06,22:40:00,3,Struck animal,5,Thursday,167,STRUCK ANIMAL                        ,MEL,40,124,E,7,9,Unknown,203078,1,1,0,1,0,0,2,5,Not at intersection,2,60
T20060002820,202564,N,2515920.667,2484209.55,MITCHELL,MITCHELL,NORTHERN REGION,RURAL_VICTORIA,-37.14216964,145.1792214,3659,13/2/06,18:45:00,1,Collision with vehicle,2,Monday,121,RIGHT THROUGH                        ,MEL,40,30,C,10,1,Day,398,2,2,1,0,0,1,2,1,Cross intersection,2,60
T20060002821,55534,I,2526188.798,2408223.962,MAROONDAH,MAROONDAH,METROPOLITAN SOUTH EAST REGION,MELB_URBAN,-37.82664813,145.2974836,3153,27/1/06,8:55:00,1,Collision with vehicle,6,Friday,110,CROSS TRAFFIC(INTERSECTIONS ONLY)              ,MEL,40,1A,H,9,1,Day,35357,2,2,0,1,0,1,1,1,Cross intersection,3,50
T20060002822,44309,I,2474156.698,2405574.207,WYNDHAM,WYNDHAM,METROPOLITAN NORTH WEST REGION,MELB_URBAN,-37.85053184,144.7063481,3029,20/2/06,10:50:00,2,Struck Pedestrian,2,Monday,100,PED NEAR SIDE. PED HIT BY VEHICLE FROM THE RIGHT.      ,MEL,40,70,E,2,1,Day,41717,1,2,0,1,0,1,1,1,Cross intersection,3,50
T20060002827,36190,I,2495962.866,2411183.541,MELBOURNE,MELBOURNE,METROPOLITAN NORTH WEST REGION,MELB_URBAN,-37.8003421,144.9541575,3051,12/1/06,23:55:00,4,Collision with a fixed object,5,Thursday,173,RIGHT OFF CARRIAGEWAY INTO OBJECT/PARKED VEHICLE      ,VCS,9,32,H,3,5,Dark No street lights,202302,1,1,1,0,0,0,2,5,Not at intersection,2,100
T20060002828,48266,I,2515122.183,2402620.692,MONASH,MONASH,METROPOLITAN SOUTH EAST REGION,MELB_URBAN,-37.87737868,145.1718911,3150,20/1/06,17:15:00,1,Collision with vehicle,6,Friday,140,U TURN                           ,MEL,40,1A,A,2,1,Day,35347,2,2,0,1,0,1,1,2,T intersection,2,50
T20060002829,42667,I,2522019.732,2394249.544,CASEY,CASEY,METROPOLITAN SOUTH EAST REGION,MELB_URBAN,-37.95266172,145.2505444,3802,20/2/06,9:50:00,1,Collision with vehicle,2,Monday,137,LEFT TURN SIDESWIPE                     ,MEL,40,77,A,10,1,Day,42113,2,2,0,1,0,1,1,1,Cross intersection,3,60
T20060002836,211154,N,2226882.804,2812315.738,MILDURA,MILDURA,WESTERN REGION,RURAL_VICTORIA,-34.14758452,142.0412569,3505,20/2/06,10:50:00,1,Collision with vehicle,2,Monday,130,REAR END(VEHICLES IN SAME LANE)               ,MEL,40,71,F,9,1,Day,41832,2,4,0,3,0,1,1,1,Cross intersection,3,80
T20060002837,205406,N,2490651.723,2411424.635,MARIBYRNONG,MARIBYRNONG,METROPOLITAN NORTH WEST REGION,MELB_URBAN,-37.79813162,144.8938514,3011,20/1/06,0:50:00,4,Collision with a fixed object,6,Friday,164,PERMANENT OBSTRUCTION ON CARRIAGEWAY            ,MEL,40,67,E,2,1,Day,30020,1,1,0,1,0,0,1,2,T intersection,3,60
T20060002838,55535,I,2511930.695,2413393.523,MANNINGHAM,MANNINGHAM,METROPOLITAN SOUTH EAST REGION,MELB_URBAN,-37.78036216,145.1354399,3108,4/1/06,18:45:00,3,Struck animal,4,Wednesday,167,STRUCK ANIMAL                        ,VCS,9,31,A,5,1,Day,202303,1,1,1,0,0,0,1,5,Not at intersection,2,100
T20060002843,37430,I,2500237.829,2403810.171,GLEN EIRA,"GLEN EIRA,PORT PHILLIP",METROPOLITAN SOUTH EAST REGION,MELB_URBAN,-37.86678466,145.002703,3183,20/2/06,11:05:00,2,Struck Pedestrian,2,Monday,102,FAR SIDE. PED HIT BY VEHICLE FROM THE LEFT         ,VCS,9,566,D,8,1,Day,49281,1,2,0,1,0,1,1,1,Cross intersection,3,60
T20060002847,203113,N,2528747.907,2385769.193,CASEY,CASEY,METROPOLITAN SOUTH EAST REGION,MELB_URBAN,-38.02887968,145.3274301,3806,18/2/06,21:45:00,2,Struck Pedestrian,7,Saturday,105,PED WALKING AGAINST TRAFFIC.                ,VCS,9,3,D,6,5,Dark No street lights,202560,1,16,5,1,6,4,1,5,Not at intersection,1,100
T20060002848,36794,I,2494977.188,2409797.79,MELBOURNE,MELBOURNE,METROPOLITAN NORTH WEST REGION,MELB_URBAN,-37.81282302,144.9429554,3008,21/1/06,15:09:00,1,Collision with vehicle,7,Saturday,130,REAR END(VEHICLES IN SAME LANE)               ,MEL,40,18,G,11,1,Day,202307,3,2,1,0,0,1,1,5,Not at intersection,2,60
T20060002857,209211,N,2504977.453,2574513.975,CAMPASPE,CAMPASPE,NORTHERN REGION,RURAL_VICTORIA,-36.32843022,145.05544,3620,20/1/06,15:50:00,1,Collision with vehicle,6,Friday,130,REAR END(VEHICLES IN SAME LANE)               ,MEL,40,2A,G,4,1,Day,118908,2,4,1,1,0,2,1,5,Not at intersection,2,60
T20060002861,26972,N,2401494.064,2420171.349,GOLDEN PLAINS,GOLDEN PLAINS,SOUTH WESTERN REGION,RURAL_VICTORIA,-37.71415998,143.8826926,3352,19/2/06,13:30:00,5,collision with some other object,1,Sunday,166,STRUCK OBJECT ON CARRIAGEWAY                ,VCS,9,80,G,9,1,Day,55533,1,1,0,1,0,0,2,2,T intersection,3,100
T20060002873,203056,N,2497564.922,2414791.421,MORELAND,MORELAND,METROPOLITAN NORTH WEST REGION,MELB_URBAN,-37.76784012,144.972361,3057,10/1/06,12:50:00,3,Struck animal,3,Tuesday,167,STRUCK ANIMAL                        ,VCS,9,6,G,2,1,Day,202304,1,1,1,0,0,0,2,5,Not at intersection,3,100
T20060002875,155410,N,2442151.629,2374805.812,GEELONG,GEELONG,SOUTH WESTERN REGION,LARGE_PROVINCIAL_CITIES,-38.12628786,144.3402669,3214,20/2/06,8:30:00,1,Collision with vehicle,2,Monday,110,CROSS TRAFFIC(INTERSECTIONS ONLY)              ,VCS,9,9,J,5,1,Day,22646,2,13,12,1,0,0,1,1,Cross intersection,2,110
T20060002877,203059,N,2507745.801,2388012.739,KINGSTON,KINGSTON,METROPOLITAN SOUTH EAST REGION,MELB_URBAN,-38.00908017,145.088199,3195,19/2/06,16:30:00,6,Vehicle overturned (no collision),1,Sunday,170,OFF CARRIAGEWAY TO LEFT                   ,VCS,9,72,D,3,1,Day,205421,1,3,0,1,0,2,2,5,Not at intersection,3,100
T20060002879,201525,N,2497395.895,2348916.763,MORNINGTON PENINSULA,MORNINGTON PENINSULA,METROPOLITAN SOUTH EAST REGION,SMALL_TOWNS,-38.36130257,144.9702086,3936,20/2/06,11:44:00,1,Collision with vehicle,2,Monday,130,REAR END(VEHICLES IN SAME LANE)               ,MEL,40,67,J,11,1,Day,232652,3,5,0,2,0,3,1,5,Not at intersection,2,80
T20060002884,203114,N,2701119.778,2557237.428,TOWONG,TOWONG,NORTH EASTERN REGION,RURAL_VICTORIA,-36.46278376,147.2442394,3701,23/1/06,10:30:00,1,Collision with vehicle,2,Monday,131,LEFT REAR                          ,MEL,40,92,K,9,1,Day,202272,2,2,0,1,0,1,1,5,Not at intersection,3,60
T20060002888,49988,I,2444899.208,2371664.031,GEELONG,GEELONG,SOUTH WESTERN REGION,LARGE_PROVINCIAL_CITIES,-38.15475795,144.3713642,3220,28/1/06,18:00:00,8,No collision and no object struck,7,Saturday,174,OUT OF CONTROL ON CARRIAGEWAY (ON STRAIGHT)         ,VCS,9,43,C,7,1,Day,202305,1,1,1,0,0,0,2,5,Not at intersection,2,100
T20060002889,203115,N,2442364.17,2366911.057,GEELONG,GEELONG,SOUTH WESTERN REGION,LARGE_PROVINCIAL_CITIES,-38.19741982,144.3420686,3216,20/2/06,13:30:00,1,Collision with vehicle,2,Monday,130,REAR END(VEHICLES IN SAME LANE)               ,VCS,9,566,C,5,1,Day,35841,2,2,0,1,0,1,1,1,Cross intersection,3,70
T20060002891,36409,I,2473061.509,2391870.903,WYNDHAM,WYNDHAM,METROPOLITAN NORTH WEST REGION,RURAL_VICTORIA,-37.9739622,144.6934023,3030,30/1/06,7:00:00,4,Collision with a fixed object,2,Monday,181,OFF RIGHT BEND INTO OBJECT/PARKED VEHICLE          ,VCS,9,45,A,9,1,Day,202306,1,1,1,0,0,0,1,5,Not at intersection,3,100
T20060002897,203116,N,2518243.195,2411337.921,MANNINGHAM,MANNINGHAM,METROPOLITAN SOUTH EAST REGION,MELB_URBAN,-37.79878105,145.2071513,3111,20/2/06,15:00:00,2,Struck Pedestrian,2,Monday,100,PED NEAR SIDE. PED HIT BY VEHICLE FROM THE RIGHT.      ,MEL,40,2S,E,12,1,Day,55532,1,2,1,0,0,1,1,2,T intersection,2,50
T20060002898,96961,N,2514424.148,2401245.448,MONASH,MONASH,METROPOLITAN SOUTH EAST REGION,MELB_URBAN,-37.88978039,145.1639836,3150,15/2/06,13:05:00,1,Collision with vehicle,4,Wednesday,131,LEFT REAR                          ,MEL,40,100A,J,9,1,Day,35320,2,3,1,0,0,2,2,1,Cross intersection,2,80
T20060002904,41456,I,2493293.424,2418987.15,MOONEE VALLEY,MOONEE VALLEY,METROPOLITAN NORTH WEST REGION,MELB_URBAN,-37.73001446,144.9239162,3041,18/2/06,17:50:00,4,Collision with a fixed object,7,Saturday,171,LEFT OFF CARRIAGEWAY INTO OBJECT/PARKED VEHICLE       ,MEL,40,401,D,6,1,Day,44463,1,1,0,1,0,0,1,2,T intersection,3,70
T20060002905,203066,N,2499046.743,2408706.321,MELBOURNE,"MELBOURNE,YARRA",METROPOLITAN NORTH WEST REGION,MELB_URBAN,-37.82267025,144.9891724,3002,19/2/06,3:50:00,1,Collision with vehicle,1,Sunday,130,REAR END(VEHICLES IN SAME LANE)               ,MEL,40,41,B,11,3,Dark Street lights on,210385,3,4,2,1,0,1,1,5,Not at intersection,3,100
T20060002905,203066,N,2499046.743,2408706.321,MELBOURNE,"MELBOURNE,YARRA",METROPOLITAN NORTH WEST REGION,MELB_URBAN,-37.82267025,144.9891724,3121,18/2/06,16:30:00,4,Collision with a fixed object,7,Saturday,171,LEFT OFF CARRIAGEWAY INTO OBJECT/PARKED VEHICLE       ,MEL,40,71,E,1,1,Day,203131,1,1,1,0,0,0,2,1,Cross intersection,2,50
T20060002909,232199,N,2493876.611,2410206.563,MELBOURNE,MELBOURNE,METROPOLITAN NORTH WEST REGION,MELB_URBAN,-37.80913336,144.9304595,3003,20/2/06,14:30:00,4,Collision with a fixed object,2,Monday,171,LEFT OFF CARRIAGEWAY INTO OBJECT/PARKED VEHICLE       ,MEL,40,49,J,3,1,Day,517,2,3,0,2,0,1,1,1,Cross intersection,3,60
T20060002912,29437,I,2507494.347,2421106.8,BANYULE,BANYULE,METROPOLITAN NORTH WEST REGION,MELB_URBAN,-37.7109096,145.0849993,3087,17/2/06,20:40:00,2,Struck Pedestrian,6,Friday,107,PED ON FOOTHPATH STRUCK BY VEHENTERING/LEAVING DRIVEWAY.  ,MEL,40,96,F,8,2,Dusk/Dawn,203093,1,2,0,1,0,1,2,5,Not at intersection,3,999
T20060002914,203119,N,2500071.366,2404696.907,STONNINGTON,STONNINGTON,METROPOLITAN SOUTH EAST REGION,MELB_URBAN,-37.85879533,145.000811,3181,12/2/06,9:30:00,8,No collision and no object struck,1,Sunday,174,OUT OF CONTROL ON CARRIAGEWAY (ON STRAIGHT)         ,MEL,40,1B,N,7,1,Day,205408,1,1,1,0,0,0,2,5,Not at intersection,3,40
T20060002915,37079,I,2507298.887,2420711.803,BANYULE,BANYULE,METROPOLITAN NORTH WEST REGION,MELB_URBAN,-37.71447023,145.0827864,3087,20/2/06,16:45:00,4,Collision with a fixed object,2,Monday,173,RIGHT OFF CARRIAGEWAY INTO OBJECT/PARKED VEHICLE      ,VCS,9,46,H,7,1,Day,211631,1,2,0,1,0,1,2,5,Not at intersection,3,110
T20060002916,44550,I,2493546.187,2423857.401,HUME,HUME,METROPOLITAN NORTH WEST REGION,MELB_URBAN,-37.68613322,144.9268262,3047,20/2/06,18:05:00,1,Collision with vehicle,2,Monday,163,VEHICLE STRIKES DOOR OF PARKED/STATIONARY VEHICLE      ,MEL,40,1A,K,7,1,Day,205409,2,2,0,1,0,1,1,5,Not at intersection,3,50
T20060002923,203073,N,2494662.398,2413247.322,MELBOURNE,MELBOURNE,METROPOLITAN NORTH WEST REGION,MELB_URBAN,-37.78174062,144.9394053,3052,20/2/06,6:30:00,4,Collision with a fixed object,2,Monday,173,RIGHT OFF CARRIAGEWAY INTO OBJECT/PARKED VEHICLE      ,VCS,9,91,J,7,2,Dusk/Dawn,203094,1,1,0,1,0,0,1,5,Not at intersection,3,100
T20060002924,26100,N,2514322.048,2389841.875,DANDENONG,DANDENONG,METROPOLITAN SOUTH EAST REGION,MELB_URBAN,-37.99252278,145.1630449,3173,20/2/06,18:00:00,2,Struck Pedestrian,2,Monday,100,PED NEAR SIDE. PED HIT BY VEHICLE FROM THE RIGHT.      ,MEL,40,28,J,10,1,Day,35707,1,2,1,0,0,1,1,1,Cross intersection,2,60
T20060002925,205407,N,2496612.94,2413749.524,MORELAND,MORELAND,METROPOLITAN NORTH WEST REGION,MELB_URBAN,-37.77722484,144.961551,3056,20/2/06,19:25:00,4,Collision with a fixed object,2,Monday,171,LEFT OFF CARRIAGEWAY INTO OBJECT/PARKED VEHICLE       ,MEL,40,82,F,12,2,Dusk/Dawn,203132,1,1,0,1,0,0,1,5,Not at intersection,3,70
T20060002928,204999,N,2255751.043,2420350.226,SOUTHERN GRAMPIANS,SOUTHERN GRAMPIANS,SOUTH WESTERN REGION,RURAL_VICTORIA,-37.68574029,142.2303103,3294,20/2/06,19:45:00,1,Collision with vehicle,2,Monday,121,RIGHT THROUGH                        ,VCS,9,537,Q,3,2,Dusk/Dawn,52542,2,4,0,1,0,3,1,1,Cross intersection,3,60
T20060002931,203120,N,2399860.006,2433124.405,BALLARAT,BALLARAT,WESTERN REGION,LARGE_PROVINCIAL_CITIES,-37.5972792,143.8659101,3350,20/2/06,6:00:00,4,Collision with a fixed object,2,Monday,171,LEFT OFF CARRIAGEWAY INTO OBJECT/PARKED VEHICLE       ,MEL,40,41,A,11,2,Dusk/Dawn,203096,1,1,0,1,0,0,1,5,Not at intersection,3,100
T20060002935,203122,N,2447406.856,2509157.106,BENDIGO,BENDIGO,NORTHERN REGION,RURAL_VICTORIA,-36.91600436,144.4096992,3551,20/2/06,23:40:00,1,Collision with vehicle,2,Monday,110,CROSS TRAFFIC(INTERSECTIONS ONLY)              ,MEL,40,2P,D,3,3,Dark Street lights on,10381,2,2,1,1,0,0,1,1,Cross intersection,2,70
T20060002943,255260,N,2398823.175,2437000.864,BALLARAT,BALLARAT,WESTERN REGION,LARGE_PROVINCIAL_CITIES,-37.56223968,143.8546972,3350,21/2/06,0:50:00,4,Collision with a fixed object,3,Tuesday,173,RIGHT OFF CARRIAGEWAY INTO OBJECT/PARKED VEHICLE      ,MEL,40,11,B,10,3,Dark Street lights on,203133,1,1,1,0,0,0,1,5,Not at intersection,2,80
T20060002956,205419,N,2502750.108,2405473.652,STONNINGTON,STONNINGTON,METROPOLITAN SOUTH EAST REGION,MELB_URBAN,-37.85179288,145.0312494,3144,20/2/06,20:35:00,4,Collision with a fixed object,2,Monday,181,OFF RIGHT BEND INTO OBJECT/PARKED VEHICLE          ,VCS,9,58,D,3,2,Dusk/Dawn,203134,1,1,0,1,0,0,1,5,Not at intersection,3,999
T20060002957,203076,N,2533847.493,2402322.769,YARRA RANGES,YARRA RANGES,METROPOLITAN SOUTH EAST REGION,MELB_URBAN,-37.87956966,145.3847503,3788,8/1/06,7:40:00,4,Collision with a fixed object,1,Sunday,173,RIGHT OFF CARRIAGEWAY INTO OBJECT/PARKED VEHICLE      ,VCS,9,453,E,8,1,Day,202322,1,1,0,1,0,0,1,5,Not at intersection,3,100
T20060002963,205420,N,2553757.159,2346672.154,BASS COAST,BASS COAST,EASTERN REGION,RURAL_VICTORIA,-38.37996016,145.6151493,3945,15/1/06,11:30:00,4,Collision with a fixed object,1,Sunday,173,RIGHT OFF CARRIAGEWAY INTO OBJECT/PARKED VEHICLE      ,VCS,9,3,G,8,1,Day,26006,1,1,1,0,0,0,1,5,Not at intersection,2,999
T20060002974,38651,I,2488912.956,2409068.017,MARIBYRNONG,MARIBYRNONG,METROPOLITAN NORTH WEST REGION,MELB_URBAN,-37.81934579,144.8740725,3013,20/2/06,21:05:00,8,No collision and no object struck,2,Monday,174,OUT OF CONTROL ON CARRIAGEWAY (ON STRAIGHT)         ,MEL,40,202,H,10,3,Dark Street lights on,203154,2,2,0,1,0,1,1,5,Not at intersection,3,70
T20060002975,202262,N,2467373.27,2396748.15,WYNDHAM,WYNDHAM,METROPOLITAN NORTH WEST REGION,RURAL_VICTORIA,-37.92983852,144.6288792,3030,7/1/06,15:10:00,1,Collision with vehicle,7,Saturday,120,HEAD ON (NOT OVERTAKING)                  ,MEL,40,199,H,10,1,Day,202323,2,2,0,1,0,1,1,5,Not at intersection,3,60
T20060002978,201573,N,2384942.166,2306059.567,COLAC OTWAY,COLAC OTWAY,SOUTH WESTERN REGION,TOWNS,-38.74009876,143.676988,3233,23/1/06,20:38:00,4,Collision with a fixed object,2,Monday,171,LEFT OFF CARRIAGEWAY INTO OBJECT/PARKED VEHICLE       ,VCS,9,415,H,7,2,Dusk/Dawn,202207,1,1,0,1,0,0,1,5,Not at intersection,2,100
T20060002981,202219,N,2500820.112,2403717.889,GLEN EIRA,GLEN EIRA,METROPOLITAN SOUTH EAST REGION,MELB_URBAN,-37.86761578,145.0093209,3161,21/2/06,5:00:00,1,Collision with vehicle,3,Tuesday,120,HEAD ON (NOT OVERTAKING)                  ,VCS,9,40,F,6,2,Dusk/Dawn,202324,2,2,2,0,0,0,1,5,Not at intersection,2,100
T20060002983,47202,N,2513825.31,2399763.603,MONASH,MONASH,METROPOLITAN SOUTH EAST REGION,MELB_URBAN,-37.90314049,145.1572034,3170,20/2/06,17:45:00,1,Collision with vehicle,2,Monday,132,RIGHT REAR.                         ,MEL,40,154,C,5,1,Day,44024,2,4,0,4,0,0,1,1,Cross intersection,3,100
T20060002984,70662,I,2510360.251,2390410.108,KINGSTON,KINGSTON,METROPOLITAN SOUTH EAST REGION,MELB_URBAN,-37.98745606,145.1179351,3172,21/1/06,0:30:00,4,Collision with a fixed object,7,Saturday,171,LEFT OFF CARRIAGEWAY INTO OBJECT/PARKED VEHICLE       ,MEL,40,179,E,8,5,Dark No street lights,202308,2,2,0,1,0,1,1,5,Not at intersection,3,80
T20060002985,203125,N,2251273.089,2557182.344,HORSHAM,HORSHAM,WESTERN REGION,RURAL_VICTORIA,-36.45197001,142.2247801,3401,15/2/06,22:00:00,1,Collision with vehicle,4,Wednesday,120,HEAD ON (NOT OVERTAKING)                  ,VCS,9,444,G,11,5,Dark No street lights,201524,2,2,1,0,1,0,1,5,Not at intersection,1,100
T20060002987,37214,I,2499956.532,2408352.302,YARRA,YARRA,METROPOLITAN NORTH WEST REGION,MELB_URBAN,-37.82586045,144.9995062,3121,21/2/06,8:05:00,1,Collision with vehicle,3,Tuesday,148,VEHICLE OFF FOOTPATH STRIKES VEH ON CARRIAGEWAY,MEL,40,108,G,9,1,Day,205410,2,2,1,0,0,1,1,5,Not at intersection,2,80
T20060002990,37662,I,2499209.224,2405501.429,STONNINGTON,STONNINGTON,METROPOLITAN SOUTH EAST REGION,MELB_URBAN,-37.85154634,144.9910145,3181,13/1/06,10:10:00,1,Collision with vehicle,6,Friday,140,U TURN                           ,VCS,9,32,D,8,1,Day,55444,2,2,0,2,0,0,1,2,T intersection,2,100
T20060002992,29982,I,2435748.193,2526238.375,BENDIGO,BENDIGO,NORTHERN REGION,LARGE_PROVINCIAL_CITIES,-36.76134187,144.2802973,3550,16/1/06,5:00:00,8,No collision and no object struck,2,Monday,174,OUT OF CONTROL ON CARRIAGEWAY (ON STRAIGHT)         ,VCS,9,668,F,8,3,Dark Street lights on,55430,2,2,0,1,0,1,2,2,T intersection,3,50
T20060002993,203078,N,2534917.517,2400417.11,YARRA RANGES,YARRA RANGES,METROPOLITAN SOUTH EAST REGION,MELB_URBAN,-37.89669946,145.3970036,3792,3/1/06,16:45:00,1,Collision with vehicle,3,Tuesday,121,RIGHT THROUGH                        ,MEL,40,205,A,5,1,Day,55446,2,2,0,1,0,1,1,2,T intersection,2,50
T20060002998,398,I,2498897.733,2413545.875,YARRA,YARRA,METROPOLITAN NORTH WEST REGION,MELB_URBAN,-37.77906526,144.987487,3068,19/2/06,14:00:00,1,Collision with vehicle,1,Sunday,131,LEFT REAR                          ,MEL,40,132,H,8,1,Day,43873,2,2,0,1,0,1,2,2,T intersection,3,80