ACCIDENT_NO,NODE_ID,NODE_TYPE,VICGRID94_X,VICGRID94_Y,LGA_NAME,LGA_NAME_ALL,REGION_NAME,DEG_URBAN_NAME,Lat,Long,POSTCODE_NO,ACCIDENTDATE,ACCIDENTTIME,ACCIDENT_TYPE,Accident Type Desc,DAY_OF_WEEK,Day Week Description,DCA_CODE,DCA Description,DIRECTORY,EDITION,PAGE,GRID_REFERENCE_X,GRID_REFERENCE_Y,LIGHT_CONDITION,Light Condition Desc,NODE_ID,NO_OF_VEHICLES,NO_PERSONS,NO_PERSONS_INJ_2,NO_PERSONS_INJ_3,NO_PERSONS_KILLED,NO_PERSONS_NOT_INJ,POLICE_ATTEND,ROAD_GEOMETRY,Road Geometry Desc,SEVERITY,SPEED_ZONE
T20060003000,35357,I,2496656.82,2409234.052,MELBOURNE,MELBOURNE,METROPOLITAN NORTH WEST REGION,MELBOURNE_CBD,-37.81790987,144.9620286,3000,21/2/06,8:25:00,1,Collision with vehicle,3,Tuesday,121,RIGHT THROUGH                        ,MEL,40,46,H,5,1,Day,39210,2,2,1,0,0,1,1,1,Cross intersection,3,60
T20060003001,41717,I,2511272.357,2402273.39,MONASH,MONASH,METROPOLITAN SOUTH EAST REGION,MELB_URBAN,-37.88056245,145.1281362,3149,20/2/06,16:00:00,1,Collision with vehicle,2,Monday,116,LEFT NEAR (INTERSECTIONS ONLY)               ,MEL,40,467,K,1,1,Day,50190,2,2,0,1,0,1,2,2,T intersection,3,100
T20060003002,202302,N,2538141.593,2599878.336,MOIRA,MOIRA,NORTH EASTERN REGION,RURAL_VICTORIA,-36.0990815,145.42357,3636,29/1/06,14:30:00,6,Vehicle overturned (no collision),1,Sunday,170,OFF CARRIAGEWAY TO LEFT                   ,VCS,9,32,F,8,1,Day,202205,1,1,0,1,0,0,1,5,Not at intersection,2,100
T20060003004,35347,I,2495764.057,2409650.031,MELBOURNE,MELBOURNE,METROPOLITAN NORTH WEST REGION,MELB_URBAN,-37.81415825,144.9518911,3000,18/1/06,21:00:00,1,Collision with vehicle,4,Wednesday,110,CROSS TRAFFIC(INTERSECTIONS ONLY)              ,MEL,40,179,K,9,2,Dusk/Dawn,29784,2,2,0,1,0,1,2,1,Cross intersection,3,70
T20060003004,35347,I,2495764.057,2409650.031,MELBOURNE,MELBOURNE,METROPOLITAN NORTH WEST REGION,MELBOURNE_CBD,-37.81415825,144.9518911,3000,14/1/06,0:45:00,6,Vehicle overturned (no collision),7,Saturday,172,OFF CARRIAGEWAY TO RIGHT                  ,VCS,9,40,E,3,4,Dark Street lights off,202318,1,2,1,1,0,0,1,5,Not at intersection,2,60
T20060003004,35347,I,2495764.057,2409650.031,MELBOURNE,MELBOURNE,METROPOLITAN NORTH WEST REGION,MELB_URBAN,-37.81415825,144.9518911,3008,16/2/06,10:45:00,5,collision with some other object,5,Thursday,166,STRUCK OBJECT ON CARRIAGEWAY                ,VCS,9,80,G,4,1,Day,203155,1,1,0,1,0,0,2,5,Not at intersection,3,100
T20060003004,35347,I,2495764.057,2409650.031,MELBOURNE,MELBOURNE,METROPOLITAN NORTH WEST REGION,MELBOURNE_CBD,-37.81415825,144.9518911,3008,28/1/06,7:30:00,4,Collision with a fixed object,7,Saturday,171,LEFT OFF CARRIAGEWAY INTO OBJECT/PARKED VEHICLE       ,VCS,9,43,E,5,1,Day,202283,1,1,1,0,0,0,1,5,Not at intersection,2,100
T20060003005,42113,I,2501818.832,2394152.012,BAYSIDE,BAYSIDE,METROPOLITAN SOUTH EAST REGION,MELB_URBAN,-37.95379971,145.0206953,3191,21/2/06,8:25:00,1,Collision with vehicle,3,Tuesday,135,LANE CHANGE LEFT (NOT OVERTAKING)              ,MEL,40,78,D,8,1,Day,35583,3,3,0,1,0,2,1,1,Cross intersection,3,70
T20060003008,41832,I,2515807.125,2399489.792,MONASH,MONASH,METROPOLITAN SOUTH EAST REGION,MELB_URBAN,-37.90557584,145.1797439,3150,21/2/06,8:55:00,2,Struck Pedestrian,3,Tuesday,107,PED ON FOOTHPATH STRUCK BY VEHENTERING/LEAVING DRIVEWAY.  ,MEL,40,68,C,12,1,Day,215466,1,2,1,0,0,1,1,5,Not at intersection,2,60
T20060003011,30020,I,2499465.866,2402436.531,PORT PHILLIP,PORT PHILLIP,METROPOLITAN NORTH WEST REGION,MELB_URBAN,-37.87916078,144.9939285,3184,28/1/06,6:45:00,4,Collision with a fixed object,7,Saturday,171,LEFT OFF CARRIAGEWAY INTO OBJECT/PARKED VEHICLE       ,VCS,9,31,H,6,2,Dusk/Dawn,202273,1,1,1,0,0,0,1,5,Not at intersection,2,100
T20060003013,202303,N,2458655.844,2588775.496,CAMPASPE,CAMPASPE,NORTHERN REGION,RURAL_VICTORIA,-36.19901073,144.54027,3565,18/1/06,17:30:00,1,Collision with vehicle,4,Wednesday,148,VEHICLE OFF FOOTPATH STRIKES VEH ON CARRIAGEWAY,VCS,9,596,E,9,1,Day,55515,2,2,1,0,0,1,1,2,T intersection,2,50
T20060003016,49281,N,2398866.121,2437319.583,BALLARAT,BALLARAT,WESTERN REGION,LARGE_PROVINCIAL_CITIES,-37.55937259,143.8552267,3350,28/1/06,20:07:00,5,collision with some other object,7,Saturday,173,RIGHT OFF CARRIAGEWAY INTO OBJECT/PARKED VEHICLE      ,VCS,9,23,C,9,2,Dusk/Dawn,202276,1,1,0,1,0,0,1,5,Not at intersection,3,100
T20060003024,202560,N,2238627.682,2795908.219,MILDURA,MILDURA,WESTERN REGION,RURAL_VICTORIA,-34.29850002,142.16312,3496,21/2/06,8:35:00,1,Collision with vehicle,3,Tuesday,135,LANE CHANGE LEFT (NOT OVERTAKING)              ,MEL,40,2B,F,5,1,Day,55116,2,5,3,1,0,1,1,2,T intersection,2,60
T20060003025,202307,N,2500563.212,2418076.995,DAREBIN,DAREBIN,METROPOLITAN NORTH WEST REGION,MELB_URBAN,-37.73823923,145.0063901,3072,12/1/06,16:20:00,4,Collision with a fixed object,5,Thursday,173,RIGHT OFF CARRIAGEWAY INTO OBJECT/PARKED VEHICLE      ,MEL,40,53,C,10,1,Day,202325,1,1,0,1,0,0,1,5,Not at intersection,2,60
T20060003026,118908,N,2495230.888,2412071.408,MELBOURNE,MELBOURNE,METROPOLITAN NORTH WEST REGION,MELB_URBAN,-37.79233886,144.9458514,3051,21/2/06,9:00:00,2,Struck Pedestrian,3,Tuesday,107,PED ON FOOTHPATH STRUCK BY VEHENTERING/LEAVING DRIVEWAY.  ,MEL,40,89,H,9,1,Day,70797,1,2,0,1,0,1,2,2,T intersection,3,60
T20060003026,118908,N,2495230.888,2412071.408,MELBOURNE,MELBOURNE,METROPOLITAN NORTH WEST REGION,MELB_URBAN,-37.79233886,144.9458514,3052,26/1/06,22:30:00,4,Collision with a fixed object,5,Thursday,171,LEFT OFF CARRIAGEWAY INTO OBJECT/PARKED VEHICLE       ,VCS,9,599,O,2,3,Dark Street lights on,55441,1,1,0,1,0,0,1,2,T intersection,3,50
T20060003028,55533,N,2581360.552,2392880.321,BAW BAW,BAW BAW,EASTERN REGION,RURAL_VICTORIA,-37.96169429,145.9258591,3833,9/2/06,6:30:00,4,Collision with a fixed object,5,Thursday,181,OFF RIGHT BEND INTO OBJECT/PARKED VEHICLE          ,MEL,40,382,C,6,3,Dark Street lights on,201566,1,1,0,0,1,0,1,5,Not at intersection,1,60
T20060003032,202304,N,2255630.881,2772807.606,MILDURA,MILDURA,WESTERN REGION,RURAL_VICTORIA,-34.51090002,142.3405677,3494,21/2/06,0:01:00,8,No collision and no object struck,3,Tuesday,174,OUT OF CONTROL ON CARRIAGEWAY (ON STRAIGHT)         ,VCS,9,671,P,4,3,Dark Street lights on,202309,1,2,1,1,0,0,2,5,Not at intersection,2,60
T20060003034,22646,I,2181160.003,2692213.611,MILDURA,MILDURA,WESTERN REGION,RURAL_VICTORIA,-35.21490469,141.4985065,3490,13/2/06,7:00:00,1,Collision with vehicle,2,Monday,145,REVERSING IN STREAM OF TRAFFIC               ,MEL,40,60,E,1,2,Dusk/Dawn,203135,2,2,0,1,0,1,2,5,Not at intersection,3,999
T20060003035,205421,N,2209521.187,2428809.449,SOUTHERN GRAMPIANS,SOUTHERN GRAMPIANS,SOUTH WESTERN REGION,SMALL_TOWNS,-37.5962997,141.7097799,3315,22/1/06,8:30:00,1,Collision with vehicle,1,Sunday,113,RIGHT NEAR (INTERSECTIONS ONLY)               ,MEL,40,18,H,5,1,Day,44208,2,2,0,1,0,1,1,4,Multiple intersection,3,60
T20060003038,232652,N,2501248.752,2398756.137,BAYSIDE,BAYSIDE,METROPOLITAN SOUTH EAST REGION,MELB_URBAN,-37.91231944,145.0142009,3187,15/1/06,15:55:00,1,Collision with vehicle,1,Sunday,120,HEAD ON (NOT OVERTAKING)                  ,MEL,40,441,H,2,1,Day,202321,2,5,1,1,0,3,1,5,Not at intersection,2,100
T20060003040,202272,N,2509458.269,2384884.133,KINGSTON,KINGSTON,METROPOLITAN SOUTH EAST REGION,MELB_URBAN,-38.0372505,145.1077386,3196,22/1/06,9:30:00,6,Vehicle overturned (no collision),1,Sunday,172,OFF CARRIAGEWAY TO RIGHT                  ,VCS,9,11,J,3,1,Day,202310,1,2,1,1,0,0,1,5,Not at intersection,3,100
T20060003051,202305,N,2379766.303,2519859.498,CENTRAL GOLDFIELDS,CENTRAL GOLDFIELDS,WESTERN REGION,RURAL_VICTORIA,-36.81334981,143.6522811,3472,20/2/06,15:00:00,1,Collision with vehicle,2,Monday,147,VEHICLE STRIKES ANOTHER VEH WHILE EMERGING FROM DRIVEWAY,MEL,40,99,H,11,1,Day,205423,2,2,0,1,0,1,2,5,Not at intersection,3,60
T20060003053,35841,I,2398404.851,2438349.183,BALLARAT,BALLARAT,WESTERN REGION,LARGE_PROVINCIAL_CITIES,-37.55004552,143.8501467,3350,19/2/06,10:00:00,6,Vehicle overturned (no collision),1,Sunday,180,OFF CARRIAGEWAY ON RIGHT BEND                ,VCS,9,35,F,8,1,Day,203136,1,1,0,1,0,0,2,5,Not at intersection,3,100
T20060003061,202306,N,2455774.695,2500699.015,BENDIGO,"BENDIGO,MOUNT ALEXANDER",NORTHERN REGION,RURAL_VICTORIA,-36.99266021,144.5031218,3444,1/1/06,1:50:00,1,Collision with vehicle,1,Sunday,171,LEFT OFF CARRIAGEWAY INTO OBJECT/PARKED VEHICLE       ,MEL,40,40,E,12,3,Dark Street lights on,25971,2,1,0,1,0,0,1,5,Not at intersection,2,100
T20060003062,55532,I,2490917.967,2410406.273,MARIBYRNONG,MARIBYRNONG,METROPOLITAN NORTH WEST REGION,MELB_URBAN,-37.80730978,144.896862,3011,20/2/06,17:15:00,1,Collision with vehicle,2,Monday,130,REAR END(VEHICLES IN SAME LANE)               ,MEL,40,5,K,4,1,Day,203137,3,3,0,1,0,2,2,5,Not at intersection,3,80
T20060003063,35320,I,2511905.329,2372738.143,FRANKSTON,FRANKSTON,METROPOLITAN SOUTH EAST REGION,MELB_URBAN,-38.14664407,145.1358103,3199,12/1/06,6:55:00,4,Collision with a fixed object,5,Thursday,173,RIGHT OFF CARRIAGEWAY INTO OBJECT/PARKED VEHICLE      ,VCS,9,514,H,5,2,Dusk/Dawn,50667,1,1,1,0,0,0,1,1,Cross intersection,2,70
T20060003067,44463,I,2443197.275,2371989.318,GEELONG,GEELONG,SOUTH WESTERN REGION,LARGE_PROVINCIAL_CITIES,-38.15172483,144.351973,3220,20/1/06,17:45:00,1,Collision with vehicle,6,Friday,130,REAR END(VEHICLES IN SAME LANE)               ,VCS,9,19,B,4,2,Dusk/Dawn,202311,2,2,0,1,0,1,1,5,Not at intersection,3,100
T20060003068,210385,N,2486621.948,2408465.78,HOBSONS BAY,HOBSONS BAY,METROPOLITAN NORTH WEST REGION,MELB_URBAN,-37.82474182,144.8480401,3012,21/2/06,11:30:00,1,Collision with vehicle,3,Tuesday,130,REAR END(VEHICLES IN SAME LANE)               ,MEL,40,285,K,10,1,Day,203156,4,6,0,1,0,5,1,5,Not at intersection,3,90
T20060003073,203131,N,2515140.596,2402616.465,MONASH,MONASH,METROPOLITAN SOUTH EAST REGION,MELB_URBAN,-37.87741646,145.1721005,3150,30/1/06,7:10:00,1,Collision with vehicle,2,Monday,160,VEHICLE COLLIDES WITH VEHICLE PARKED ON LEFT OF ROAD    ,MEL,40,28,H,4,1,Day,202280,2,1,0,1,0,0,1,1,Cross intersection,3,50
T20060003074,517,I,2520730.342,2411882.985,MAROONDAH,MAROONDAH,METROPOLITAN SOUTH EAST REGION,MELB_URBAN,-37.79381789,145.2353775,3134,20/2/06,7:05:00,4,Collision with a fixed object,2,Monday,173,RIGHT OFF CARRIAGEWAY INTO OBJECT/PARKED VEHICLE      ,MEL,40,164,H,8,2,Dusk/Dawn,203138,1,1,0,1,0,0,1,5,Not at intersection,3,50
T20060003076,203093,N,2523495.428,2385284.942,CASEY,CASEY,METROPOLITAN SOUTH EAST REGION,MELB_URBAN,-38.03339024,145.2676218,3976,25/1/06,14:43:00,1,Collision with vehicle,4,Wednesday,142,LEAVING PARKING                       ,MEL,40,30,F,5,1,Day,37945,2,2,0,1,0,1,1,2,T intersection,3,50
T20060003078,205408,N,2497026.205,2409578.09,MELBOURNE,MELBOURNE,METROPOLITAN NORTH WEST REGION,MELBOURNE_CBD,-37.81481133,144.9662254,3000,5/1/06,10:15:00,4,Collision with a fixed object,5,Thursday,173,RIGHT OFF CARRIAGEWAY INTO OBJECT/PARKED VEHICLE      ,VCS,9,38,D,7,1,Day,202319,1,1,1,0,0,0,1,5,Not at intersection,3,100
T20060003087,211631,N,2534974.455,2518540.562,STRATHBOGIE,STRATHBOGIE,NORTH EASTERN REGION,RURAL_VICTORIA,-36.83225766,145.3921192,3665,21/2/06,9:50:00,1,Collision with vehicle,3,Tuesday,130,REAR END(VEHICLES IN SAME LANE)               ,MEL,40,46,B,2,1,Day,39097,3,3,0,1,0,2,1,1,Cross intersection,3,60
T20060003093,205409,N,2496787.892,2409404.368,MELBOURNE,MELBOURNE,METROPOLITAN NORTH WEST REGION,MELBOURNE_CBD,-37.81637578,144.9635181,3000,3/1/06,17:30:00,1,Collision with vehicle,3,Tuesday,140,U TURN                           ,VCS,9,535,P,8,1,Day,22397,2,2,0,1,0,1,9,2,T intersection,3,50
T20060003094,203094,N,2368439.277,2350375.639,COLAC OTWAY,COLAC OTWAY,SOUTH WESTERN REGION,RURAL_VICTORIA,-38.33879985,143.49531,3249,24/1/06,8:55:00,1,Collision with vehicle,3,Tuesday,121,RIGHT THROUGH                        ,MEL,40,29,G,9,1,Day,45632,2,2,0,1,0,1,1,2,T intersection,3,60
T20060003100,35707,I,2493235.251,2413800.25,MOONEE VALLEY,MOONEE VALLEY,METROPOLITAN NORTH WEST REGION,MELB_URBAN,-37.77674937,144.9232088,3032,16/1/06,17:12:00,1,Collision with vehicle,2,Monday,121,RIGHT THROUGH                        ,MEL,40,206,B,6,1,Day,44360,2,2,0,2,0,0,1,2,T intersection,3,70
T20060003102,203132,N,2523353.399,2393589.02,CASEY,CASEY,METROPOLITAN SOUTH EAST REGION,MELB_URBAN,-37.9585801,145.26574,3802,19/2/06,17:00:00,1,Collision with vehicle,1,Sunday,131,LEFT REAR                          ,MEL,40,19,G,8,1,Day,1211,2,3,0,1,0,2,2,1,Cross intersection,3,60
T20060003109,52542,I,2238660.709,2803361.041,MILDURA,MILDURA,WESTERN REGION,SMALL_CITIES,-34.23141728,142.1658857,3498,21/2/06,12:15:00,8,No collision and no object struck,3,Tuesday,184,OUT OF CONTROL ON CARRIAGEWAY (ON BEND)           ,VCS,9,48,G,6,1,Day,203157,1,1,1,0,0,0,1,5,Not at intersection,2,100
T20060003113,203096,N,2486192.436,2408407.372,HOBSONS BAY,HOBSONS BAY,METROPOLITAN NORTH WEST REGION,MELB_URBAN,-37.8252618,144.8431603,3025,25/1/06,1:00:00,4,Collision with a fixed object,4,Wednesday,171,LEFT OFF CARRIAGEWAY INTO OBJECT/PARKED VEHICLE       ,MEL,40,8,J,7,3,Dark Street lights on,202312,1,1,0,1,0,0,1,5,Not at intersection,3,50
T20060003114,10381,N,2498492.368,2404977.142,PORT PHILLIP,PORT PHILLIP,METROPOLITAN NORTH WEST REGION,MELB_URBAN,-37.85626922,144.9828678,3182,20/2/06,12:10:00,4,Collision with a fixed object,2,Monday,171,LEFT OFF CARRIAGEWAY INTO OBJECT/PARKED VEHICLE       ,VCS,9,85,D,5,1,Day,205424,1,1,0,1,0,0,1,5,Not at intersection,3,100
T20060003115,203133,N,2510141.537,2423678.981,NILLUMBIK,NILLUMBIK,METROPOLITAN NORTH WEST REGION,MELB_URBAN,-37.68770803,145.1149879,3088,15/2/06,15:20:00,1,Collision with vehicle,4,Wednesday,130,REAR END(VEHICLES IN SAME LANE)               ,MEL,40,2P,F,9,1,Day,203158,2,2,0,1,0,1,2,5,Not at intersection,3,60
T20060003118,203134,N,2388276.197,2486833.411,CENTRAL GOLDFIELDS,CENTRAL GOLDFIELDS,WESTERN REGION,RURAL_VICTORIA,-37.11201009,143.7427698,3465,21/2/06,11:30:00,1,Collision with vehicle,3,Tuesday,130,REAR END(VEHICLES IN SAME LANE)               ,MEL,40,91A,E,5,1,Day,232388,2,3,0,1,0,2,1,5,Not at intersection,3,60
T20060003127,202322,N,2429866.451,2365148.041,SURF COAST,SURF COAST,SOUTH WESTERN REGION,RURAL_VICTORIA,-38.21243872,144.19924,3240,4/1/06,23:23:00,6,Vehicle overturned (no collision),4,Wednesday,170,OFF CARRIAGEWAY TO LEFT                   ,MEL,40,53,G,4,3,Dark Street lights on,202320,1,1,1,0,0,0,1,5,Not at intersection,2,70
T20060003129,26006,N,2256602.281,2781851.075,MILDURA,MILDURA,WESTERN REGION,RURAL_VICTORIA,-34.42971801,142.3538687,3494,25/1/06,23:30:00,2,Struck Pedestrian,4,Wednesday,103,PED PLAYING/LYING/WORKING/STANDING ON CARRIAGEWAY.,VCS,9,586,J,2,3,Dark Street lights on,55442,1,4,1,0,0,3,1,2,T intersection,3,50
T20060003131,203154,N,2473387.246,2404052.61,WYNDHAM,WYNDHAM,METROPOLITAN NORTH WEST REGION,MELB_URBAN,-37.86421947,144.6975501,3029,22/1/06,3:50:00,4,Collision with a fixed object,1,Sunday,171,LEFT OFF CARRIAGEWAY INTO OBJECT/PARKED VEHICLE       ,VCS,9,586,C,5,3,Dark Street lights on,202313,1,2,1,1,0,0,1,5,Not at intersection,3,50
T20060003132,202323,N,2473592.066,2392056.083,WYNDHAM,WYNDHAM,METROPOLITAN NORTH WEST REGION,RURAL_VICTORIA,-37.97230909,144.6994474,3030,31/1/06,9:30:00,6,Vehicle overturned (no collision),3,Tuesday,172,OFF CARRIAGEWAY TO RIGHT                  ,VCS,9,43,F,8,1,Day,202314,1,1,0,1,0,0,1,5,Not at intersection,3,100
T20060003134,202207,N,2474167.844,2461282.004,MACEDON RANGES,MACEDON RANGES,NORTHERN REGION,RURAL_VICTORIA,-37.34856506,144.7084135,3434,21/2/06,13:43:00,4,Collision with a fixed object,3,Tuesday,173,RIGHT OFF CARRIAGEWAY INTO OBJECT/PARKED VEHICLE      ,MEL,40,67,G,12,1,Day,55538,1,4,2,1,0,1,1,2,T intersection,2,50
T20060003135,202324,N,2255394.059,2522386.104,HORSHAM,HORSHAM,WESTERN REGION,RURAL_VICTORIA,-36.76651749,142.2595621,3401,20/2/06,11:00:00,4,Collision with a fixed object,2,Monday,181,OFF RIGHT BEND INTO OBJECT/PARKED VEHICLE          ,VCS,9,100,C,4,1,Day,203129,1,2,0,2,0,0,1,5,Not at intersection,3,100
T20060003136,44024,I,2514608.947,2357413.577,MORNINGTON PENINSULA,MORNINGTON PENINSULA,METROPOLITAN SOUTH EAST REGION,MELB_URBAN,-38.28465353,145.1669584,3915,26/1/06,5:30:00,4,Collision with a fixed object,5,Thursday,171,LEFT OFF CARRIAGEWAY INTO OBJECT/PARKED VEHICLE       ,VCS,9,14,B,9,2,Dusk/Dawn,202301,1,2,0,1,0,1,1,5,Not at intersection,3,100
T20060003137,202308,N,2491783.442,2429215.141,HUME,HUME,METROPOLITAN NORTH WEST REGION,MELB_URBAN,-37.637843,144.9068994,3059,14/1/06,12:40:00,8,No collision and no object struck,7,Saturday,170,OFF CARRIAGEWAY TO LEFT                   ,VCS,9,673,M,4,1,Day,55445,2,2,0,1,0,1,2,2,T intersection,3,50
T20060003137,202308,N,2491783.442,2429215.141,HUME,HUME,METROPOLITAN NORTH WEST REGION,RURAL_VICTORIA,-37.637843,144.9068994,3059,17/2/06,22:00:00,1,Collision with vehicle,6,Friday,132,RIGHT REAR.                         ,MEL,40,29,E,4,3,Dark Street lights on,45571,2,2,0,1,0,1,1,2,T intersection,3,60
T20060003139,201524,N,2450683.019,2382525.457,GEELONG,GEELONG,SOUTH WESTERN REGION,RURAL_VICTORIA,-38.05723699,144.4380806,3212,27/1/06,12:30:00,1,Collision with vehicle,6,Friday,160,VEHICLE COLLIDES WITH VEHICLE PARKED ON LEFT OF ROAD    ,MEL,40,16,A,6,1,Day,202315,2,1,0,1,0,0,1,1,Cross intersection,3,50
T20060003140,205410,N,2527536.082,2389702.551,CASEY,CASEY,METROPOLITAN SOUTH EAST REGION,MELB_URBAN,-37.99348004,145.3134803,3804,21/2/06,8:00:00,1,Collision with vehicle,3,Tuesday,130,REAR END(VEHICLES IN SAME LANE)               ,MEL,40,2M,D,1,1,Day,205425,2,3,0,1,0,2,2,5,Not at intersection,3,80
T20060003141,55444,N,2511840.931,2565219.136,SHEPPARTON,SHEPPARTON,NORTH EASTERN REGION,RURAL_VICTORIA,-36.41213995,145.1320305,3617,20/2/06,14:42:00,4,Collision with a fixed object,2,Monday,171,LEFT OFF CARRIAGEWAY INTO OBJECT/PARKED VEHICLE       ,VCS,9,55,H,2,1,Day,203159,1,2,0,2,0,0,1,5,Not at intersection,3,100
T20060003143,55430,I,2591601.462,2609281.349,MOIRA,MOIRA,NORTH EASTERN REGION,TOWNS,-36.01069676,146.0161061,3730,21/2/06,15:20:00,1,Collision with vehicle,3,Tuesday,113,RIGHT NEAR (INTERSECTIONS ONLY)               ,MEL,40,32,E,6,1,Day,38250,2,2,1,0,0,1,1,2,T intersection,2,70
T20060003144,55446,I,2466974.964,2400996.969,WYNDHAM,WYNDHAM,METROPOLITAN NORTH WEST REGION,MELB_URBAN,-37.8915443,144.6245392,3024,21/2/06,16:05:00,1,Collision with vehicle,3,Tuesday,130,REAR END(VEHICLES IN SAME LANE)               ,MEL,40,26,K,10,1,Day,203160,2,3,0,1,0,2,1,5,Not at intersection,3,70
T20060003145,43873,I,2520219.766,2375479.213,CASEY,"CASEY,FRANKSTON",METROPOLITAN SOUTH EAST REGION,MELB_URBAN,-38.12180652,145.2305814,3977,21/2/06,11:00:00,1,Collision with vehicle,3,Tuesday,132,RIGHT REAR.                         ,VCS,9,565,S,1,1,Day,52753,2,2,0,1,0,1,2,2,T intersection,3,60
T20060003146,39210,I,2508547.813,2410793.128,BOROONDARA,BOROONDARA,METROPOLITAN SOUTH EAST REGION,MELB_URBAN,-37.80382925,145.0970668,3103,21/2/06,18:00:00,1,Collision with vehicle,3,Tuesday,121,RIGHT THROUGH                        ,MEL,40,2B,J,2,1,Day,36387,2,2,0,1,0,1,1,2,T intersection,3,60
T20060003147,50190,I,2450725.909,2368593.933,GEELONG,GEELONG,SOUTH WESTERN REGION,RURAL_VICTORIA,-38.18274283,144.4376316,3224,21/2/06,14:55:00,1,Collision with vehicle,3,Tuesday,110,CROSS TRAFFIC(INTERSECTIONS ONLY)              ,VCS,9,31,H,8,1,Day,53502,2,2,1,0,0,1,1,1,Cross intersection,2,80
T20060003149,202205,N,2527959.073,2566369.672,SHEPPARTON,SHEPPARTON,NORTH EASTERN REGION,RURAL_VICTORIA,-36.40143209,145.3117105,3629,21/2/06,18:15:00,2,Struck Pedestrian,3,Tuesday,102,FAR SIDE. PED HIT BY VEHICLE FROM THE LEFT         ,MEL,40,1A,H,1,1,Day,203161,1,2,1,0,0,1,1,5,Not at intersection,2,50
T20060003152,29784,I,2493715.642,2428920.91,HUME,HUME,METROPOLITAN NORTH WEST REGION,MELB_URBAN,-37.64050924,144.9287904,3064,20/2/06,8:50:00,1,Collision with vehicle,2,Monday,143,ENTERING PARKING                      ,MEL,40,100A,D,7,1,Day,205430,2,2,0,1,0,1,2,5,Not at intersection,3,50
T20060003153,202318,N,2250103.069,2544580.345,HORSHAM,HORSHAM,WESTERN REGION,RURAL_VICTORIA,-36.56518997,142.2076097,3401,21/2/06,16:00:00,1,Collision with vehicle,3,Tuesday,131,LEFT REAR                          ,MEL,40,31,F,3,1,Day,38135,2,3,0,2,0,1,2,1,Cross intersection,3,70
T20060003155,203155,N,2579271.82,2428668.104,YARRA RANGES,YARRA RANGES,METROPOLITAN SOUTH EAST REGION,RURAL_VICTORIA,-37.63943854,145.8982489,3799,21/2/06,20:45:00,4,Collision with a fixed object,3,Tuesday,173,RIGHT OFF CARRIAGEWAY INTO OBJECT/PARKED VEHICLE      ,MEL,40,933,F,4,3,Dark Street lights on,203130,1,1,0,1,0,0,1,5,Not at intersection,3,60
T20060003156,202283,N,2393420.95,2528960.079,LODDON,LODDON,NORTHERN REGION,RURAL_VICTORIA,-36.73298079,143.8065999,3551,21/2/06,16:45:00,1,Collision with vehicle,3,Tuesday,113,RIGHT NEAR (INTERSECTIONS ONLY)               ,MEL,40,451,F,6,1,Day,49997,2,2,0,2,0,0,1,2,T intersection,3,60
T20060003158,35583,I,2506906.177,2395173.377,KINGSTON,KINGSTON,METROPOLITAN SOUTH EAST REGION,MELB_URBAN,-37.94457381,145.0785712,3202,21/2/06,19:24:00,4,Collision with a fixed object,3,Tuesday,173,RIGHT OFF CARRIAGEWAY INTO OBJECT/PARKED VEHICLE      ,VCS,9,566,C,11,1,Day,203162,1,4,3,1,0,0,1,5,Not at intersection,2,50
T20060003160,215466,N,2502783.816,2398168.553,GLEN EIRA,GLEN EIRA,METROPOLITAN SOUTH EAST REGION,MELB_URBAN,-37.91761003,145.03166,3204,19/2/06,23:30:00,5,collision with some other object,1,Sunday,179,OTHER ACCIDENTS-OFF STRAIGHT NOT INCLUDED IN DCAs 170-175  ,MEL,40,61,F,3,3,Dark Street lights on,40710,1,1,0,1,0,0,1,2,T intersection,3,60