ACCIDENT_NO,NODE_ID,NODE_TYPE,VICGRID94_X,VICGRID94_Y,LGA_NAME,LGA_NAME_ALL,REGION_NAME,DEG_URBAN_NAME,Lat,Long,POSTCODE_NO,ACCIDENTDATE,ACCIDENTTIME,ACCIDENT_TYPE,Accident Type Desc,DAY_OF_WEEK,Day Week Description,DCA_CODE,DCA Description,DIRECTORY,EDITION,PAGE,GRID_REFERENCE_X,GRID_REFERENCE_Y,LIGHT_CONDITION,Light Condition Desc,NODE_ID,NO_OF_VEHICLES,NO_PERSONS,NO_PERSONS_INJ_2,NO_PERSONS_INJ_3,NO_PERSONS_KILLED,NO_PERSONS_NOT_INJ,POLICE_ATTEND,ROAD_GEOMETRY,Road Geometry Desc,SEVERITY,SPEED_ZONE
T20060003294,26005,I,2416298.179,2429631.456,MOORABOOL,MOORABOOL,WESTERN REGION,RURAL_VICTORIA,-37.63037137,144.0516656,3352,23/2/06,8:40:00,1,Collision with vehicle,5,Thursday,130,REAR END(VEHICLES IN SAME LANE)               ,MEL,40,59,K,11,1,Day,209329,4,4,0,2,0,2,1,5,Not at intersection,3,100
T20060003295,42248,I,2505015.485,2393682.283,KINGSTON,KINGSTON,METROPOLITAN SOUTH EAST REGION,MELB_URBAN,-37.95801996,145.0570711,3192,23/2/06,8:55:00,2,Struck Pedestrian,5,Thursday,102,FAR SIDE. PED HIT BY VEHICLE FROM THE LEFT         ,MEL,40,80,C,5,1,Day,203193,1,2,0,1,0,1,1,5,Not at intersection,2,60
T20060003301,55447,I,2419272.376,2337882.451,SURF COAST,SURF COAST,SOUTH WESTERN REGION,RURAL_VICTORIA,-38.45716409,144.0752638,3231,23/2/06,8:45:00,1,Collision with vehicle,5,Thursday,130,REAR END(VEHICLES IN SAME LANE)               ,MEL,40,31,F,8,1,Day,203194,2,2,0,2,0,0,1,5,Not at intersection,3,50
T20060003306,202060,N,2500825.59,2407442.917,STONNINGTON,STONNINGTON,METROPOLITAN SOUTH EAST REGION,MELB_URBAN,-37.83405363,145.0093789,3142,27/1/06,1:15:00,1,Collision with vehicle,6,Friday,160,VEHICLE COLLIDES WITH VEHICLE PARKED ON LEFT OF ROAD    ,MEL,40,76,E,3,3,Dark Street lights on,202287,2,1,1,0,0,0,1,5,Not at intersection,2,50
T20060003307,202292,N,2431528.099,2444582.156,MOORABOOL,MOORABOOL,WESTERN REGION,RURAL_VICTORIA,-37.4968993,144.2255887,3342,23/2/06,12:40:00,7,Fall from or in moving vehicle,5,Thursday,190,FELL IN/FROM VEHICLE                    ,MEL,40,46,E,8,1,Day,203151,1,2,0,1,0,1,1,5,Not at intersection,3,60
T20060003308,41170,I,2499839.829,2402786.024,GLEN EIRA,"GLEN EIRA,PORT PHILLIP",METROPOLITAN SOUTH EAST REGION,MELB_URBAN,-37.87601206,144.9981794,3183,23/2/06,11:10:00,1,Collision with vehicle,5,Thursday,130,REAR END(VEHICLES IN SAME LANE)               ,MEL,40,133,K,2,1,Day,1016,2,2,0,1,0,1,1,1,Cross intersection,3,80
T20060003308,41170,I,2499839.829,2402786.024,GLEN EIRA,"GLEN EIRA,PORT PHILLIP",METROPOLITAN SOUTH EAST REGION,MELB_URBAN,-37.87601206,144.9981794,3185,23/2/06,11:30:00,4,Collision with a fixed object,5,Thursday,151,OUT OF CONTROL (OVERTAKING)                 ,MEL,40,314,A,4,1,Day,70426,1,1,0,1,0,0,1,2,T intersection,3,100
T20060003309,93232,N,2514865.756,2404727.582,WHITEHORSE,WHITEHORSE,METROPOLITAN SOUTH EAST REGION,MELB_URBAN,-37.85840011,145.1689338,3133,23/2/06,12:25:00,5,collision with some other object,5,Thursday,191,LOAD OR MISSILE STRUCK VEHICLE               ,MEL,40,29,B,5,1,Day,205438,3,4,0,1,0,3,1,5,Not at intersection,3,100
T20060003309,93232,N,2514865.756,2404727.582,WHITEHORSE,WHITEHORSE,METROPOLITAN SOUTH EAST REGION,MELB_URBAN,-37.85840011,145.1689338,3151,20/2/06,15:30:00,2,Struck Pedestrian,2,Monday,100,PED NEAR SIDE. PED HIT BY VEHICLE FROM THE RIGHT.      ,MEL,40,71,F,3,1,Day,41828,1,2,0,1,0,1,2,2,T intersection,3,40
T20060003312,10592,I,2513796.409,2396430.27,DANDENONG,"DANDENONG,MONASH",METROPOLITAN SOUTH EAST REGION,MELB_URBAN,-37.933173,145.1569373,3170,28/1/06,11:00:00,6,Vehicle overturned (no collision),7,Saturday,174,OUT OF CONTROL ON CARRIAGEWAY (ON STRAIGHT)         ,MEL,40,91A,B,9,1,Day,202821,1,1,0,1,0,0,2,5,Not at intersection,3,50
T20060003312,10592,I,2513796.409,2396430.27,DANDENONG,"DANDENONG,MONASH",METROPOLITAN SOUTH EAST REGION,MELB_URBAN,-37.933173,145.1569373,3171,29/1/06,11:05:00,1,Collision with vehicle,1,Sunday,160,VEHICLE COLLIDES WITH VEHICLE PARKED ON LEFT OF ROAD    ,MEL,40,67,H,2,1,Day,202282,2,1,0,1,0,0,1,5,Not at intersection,3,60
T20060003314,55443,I,2475280.383,2401941.749,WYNDHAM,WYNDHAM,METROPOLITAN NORTH WEST REGION,MELB_URBAN,-37.88329011,144.7189944,3030,23/2/06,8:00:00,1,Collision with vehicle,5,Thursday,121,RIGHT THROUGH                        ,MEL,40,80,B,6,1,Day,29384,2,2,1,0,0,1,1,2,T intersection,2,80
T20060003314,55443,I,2475280.383,2401941.749,WYNDHAM,WYNDHAM,METROPOLITAN NORTH WEST REGION,RURAL_VICTORIA,-37.88329011,144.7189944,3030,22/2/06,21:20:00,1,Collision with vehicle,4,Wednesday,121,RIGHT THROUGH                        ,MEL,40,2B,E,11,3,Dark Street lights on,205439,2,2,0,1,0,1,2,5,Not at intersection,3,60
T20060003318,202297,N,2482631.505,2407927.516,WYNDHAM,WYNDHAM,METROPOLITAN NORTH WEST REGION,MELB_URBAN,-37.82952561,144.8027006,3026,21/1/06,16:00:00,1,Collision with vehicle,7,Saturday,148,VEHICLE OFF FOOTPATH STRIKES VEH ON CARRIAGEWAY,MEL,40,28,E,8,1,Day,206526,2,2,0,1,0,1,2,5,Not at intersection,2,60
T20060003319,29719,I,2523309.319,2388417.89,CASEY,CASEY,METROPOLITAN SOUTH EAST REGION,MELB_URBAN,-38.00516966,145.2654024,3803,9/1/06,9:13:00,4,Collision with a fixed object,2,Monday,183,OFF LEFT BEND INTO OBJECT/PARKED VEHICLE          ,MEL,40,42,K,11,1,Day,26002,2,2,0,1,0,1,1,5,Not at intersection,3,100
T20060003325,202298,N,2326878.376,2324281.445,CORANGAMITE,CORANGAMITE,SOUTH WESTERN REGION,RURAL_VICTORIA,-38.5669303,143.0138639,3268,22/2/06,20:49:00,1,Collision with vehicle,4,Wednesday,113,RIGHT NEAR (INTERSECTIONS ONLY)               ,MEL,40,29,B,3,3,Dark Street lights on,1342,2,2,0,1,0,1,1,1,Cross intersection,3,60
T20060003326,29427,I,2497053.958,2409502.493,MELBOURNE,MELBOURNE,METROPOLITAN NORTH WEST REGION,MELBOURNE_CBD,-37.81549255,144.9665403,3000,23/2/06,14:30:00,2,Struck Pedestrian,5,Thursday,102,FAR SIDE. PED HIT BY VEHICLE FROM THE LEFT         ,MEL,40,2B,A,12,1,Day,203199,1,2,0,1,0,1,1,5,Not at intersection,3,60
T20060003329,202299,N,2443667.028,2360946.641,GEELONG,"GEELONG,SURF COAST",SOUTH WESTERN REGION,RURAL_VICTORIA,-38.25122782,144.3564804,3217,23/2/06,15:37:00,1,Collision with vehicle,5,Thursday,116,LEFT NEAR (INTERSECTIONS ONLY)               ,MEL,40,78,A,2,1,Day,55537,2,4,0,1,0,3,1,2,T intersection,3,60
T20060003332,29394,I,2497005.259,2407732.162,MELBOURNE,"MELBOURNE,PORT PHILLIP",METROPOLITAN NORTH WEST REGION,MELB_URBAN,-37.83144309,144.9659801,3006,23/2/06,13:05:00,1,Collision with vehicle,5,Thursday,113,RIGHT NEAR (INTERSECTIONS ONLY)               ,MEL,40,26,H,3,1,Day,1256,2,2,1,0,0,1,1,2,T intersection,2,60
T20060003332,29394,I,2497005.259,2407732.162,MELBOURNE,"MELBOURNE,PORT PHILLIP",METROPOLITAN NORTH WEST REGION,MELB_URBAN,-37.83144309,144.9659801,3205,19/2/06,16:10:00,1,Collision with vehicle,1,Sunday,130,REAR END(VEHICLES IN SAME LANE)               ,MEL,40,47,F,1,1,Day,39346,2,2,0,1,0,1,2,2,T intersection,3,70
T20060003334,36217,I,2463863.882,2432357.525,MELTON,MELTON,METROPOLITAN NORTH WEST REGION,RURAL_VICTORIA,-37.60886413,144.5907027,3337,23/2/06,10:00:00,6,Vehicle overturned (no collision),4,Thursday,180,OFF CARRIAGEWAY ON RIGHT BEND                ,VCS,9,77,E,6,1,Day,34438,1,1,0,1,0,0,1,5,Not at intersection,3,100
T20060003339,202300,N,2470946.293,2402535.728,WYNDHAM,WYNDHAM,METROPOLITAN NORTH WEST REGION,MELB_URBAN,-37.87781315,144.6697494,3030,23/2/06,16:10:00,1,Collision with vehicle,5,Thursday,113,RIGHT NEAR (INTERSECTIONS ONLY)               ,MEL,40,77,B,8,1,Day,42132,2,2,1,0,0,1,1,1,Cross intersection,3,60
T20060003344,46152,I,2507998.87,2367362.731,MORNINGTON PENINSULA,MORNINGTON PENINSULA,METROPOLITAN SOUTH EAST REGION,MELB_URBAN,-38.19511054,145.0913061,3930,21/2/06,6:40:00,1,Collision with vehicle,3,Tuesday,130,REAR END(VEHICLES IN SAME LANE)               ,MEL,40,84,A,9,2,Dusk/Dawn,203152,3,3,0,1,0,2,2,5,Not at intersection,3,90
T20060003345,36993,I,2464879.444,2424200.643,MELTON,MELTON,METROPOLITAN NORTH WEST REGION,SMALL_CITIES,-37.68240098,144.6018189,3337,23/2/06,15:45:00,1,Collision with vehicle,5,Thursday,130,REAR END(VEHICLES IN SAME LANE)               ,MEL,40,92,K,9,1,Day,203202,3,3,1,2,0,0,1,2,T intersection,3,60
T20060003346,203163,N,2405757.631,2528512.228,LODDON,LODDON,NORTHERN REGION,RURAL_VICTORIA,-36.73832989,143.94467,3551,20/2/06,11:06:00,4,Collision with a fixed object,2,Monday,171,LEFT OFF CARRIAGEWAY INTO OBJECT/PARKED VEHICLE       ,MEL,40,514,G,5,1,Day,203205,1,1,1,0,0,0,1,5,Not at intersection,2,50
T20060003349,44382,I,2473719.463,2402357.319,WYNDHAM,WYNDHAM,METROPOLITAN NORTH WEST REGION,MELB_URBAN,-37.87950311,144.7012652,3029,23/2/06,15:55:00,1,Collision with vehicle,5,Thursday,152,PULLING OUT (OVERTAKING)                  ,VCS,9,459,C,3,1,Day,205443,2,2,0,1,0,1,1,5,Not at intersection,3,100
T20060003354,203142,N,2319020.137,2335134.816,CORANGAMITE,CORANGAMITE,SOUTH WESTERN REGION,RURAL_VICTORIA,-38.46769041,142.9264499,3268,23/2/06,15:44:00,1,Collision with vehicle,5,Thursday,148,VEHICLE OFF FOOTPATH STRIKES VEH ON CARRIAGEWAY,MEL,40,29,J,12,1,Day,6,2,3,0,1,0,2,1,1,Cross intersection,3,60
T20060003355,57599,I,2501397.8,2391744.304,BAYSIDE,BAYSIDE,METROPOLITAN SOUTH EAST REGION,MELB_URBAN,-37.97549255,145.0159092,3193,23/2/06,18:12:00,1,Collision with vehicle,5,Thursday,140,U TURN                           ,MEL,40,30,E,1,1,Day,37890,4,8,1,0,0,7,1,2,T intersection,2,70
T20060003361,202281,N,2502133.138,2401545.177,GLEN EIRA,GLEN EIRA,METROPOLITAN SOUTH EAST REGION,MELB_URBAN,-37.88718939,145.0242501,3162,23/2/06,17:50:00,1,Collision with vehicle,5,Thursday,130,REAR END(VEHICLES IN SAME LANE)               ,MEL,40,68,J,9,1,Day,203207,2,5,2,0,0,3,1,5,Not at intersection,2,70
T20060003371,202935,N,2494936.393,2406954.423,PORT PHILLIP,PORT PHILLIP,METROPOLITAN NORTH WEST REGION,MELB_URBAN,-37.83844153,144.9424726,3207,23/2/06,18:30:00,1,Collision with vehicle,5,Thursday,130,REAR END(VEHICLES IN SAME LANE)               ,MEL,40,69,D,10,1,Day,41521,3,3,0,1,0,2,1,2,T intersection,3,60
T20060003378,203143,N,2496674.921,2407891.53,PORT PHILLIP,PORT PHILLIP,METROPOLITAN NORTH WEST REGION,MELB_URBAN,-37.83000606,144.9622282,3205,23/2/06,16:30:00,2,Struck Pedestrian,5,Thursday,101,PED EMERGES FROM IN FRONT OF PARKED OR STATIONARY VEHICLE  ,MEL,40,163,J,4,1,Day,203209,1,2,1,0,0,1,1,5,Not at intersection,2,90
T20060003383,390,I,2500413.505,2406717.414,STONNINGTON,STONNINGTON,METROPOLITAN SOUTH EAST REGION,MELB_URBAN,-37.84059066,145.0046979,3141,23/2/06,19:05:00,1,Collision with vehicle,5,Thursday,121,RIGHT THROUGH                        ,MEL,40,48,F,8,2,Dusk/Dawn,39498,2,2,1,0,0,1,1,1,Cross intersection,2,70
T20060003383,390,I,2500413.505,2406717.414,STONNINGTON,STONNINGTON,METROPOLITAN SOUTH EAST REGION,MELB_URBAN,-37.84059066,145.0046979,3142,23/2/06,14:15:00,1,Collision with vehicle,5,Thursday,144,PARKED VEHICLES ONLY                    ,MEL,40,1A,K,2,1,Day,203210,2,2,0,1,0,1,2,1,Cross intersection,3,50
T20060003384,55536,I,2537491.547,2413643.748,YARRA RANGES,YARRA RANGES,METROPOLITAN SOUTH EAST REGION,MELB_URBAN,-37.77742897,145.425597,3139,23/2/06,19:45:00,4,Collision with a fixed object,4,Thursday,171,LEFT OFF CARRIAGEWAY INTO OBJECT/PARKED VEHICLE       ,VCS,9,586,H,5,1,Day,58279,1,4,2,2,0,0,1,1,Cross intersection,2,50
T20060003386,209214,N,2463120.592,2424244.004,MELTON,MELTON,METROPOLITAN NORTH WEST REGION,SMALL_CITIES,-37.68194234,144.5818803,3337,23/2/06,17:50:00,1,Collision with vehicle,5,Thursday,110,CROSS TRAFFIC(INTERSECTIONS ONLY)              ,MEL,40,401,C,11,1,Day,10665,5,6,2,0,0,4,1,1,Cross intersection,2,70
T20060003388,41762,I,2512934.175,2398196.752,MONASH,MONASH,METROPOLITAN SOUTH EAST REGION,MELB_URBAN,-37.91727011,145.1470981,3168,23/2/06,19:48:00,4,Collision with a fixed object,5,Thursday,171,LEFT OFF CARRIAGEWAY INTO OBJECT/PARKED VEHICLE       ,MEL,40,270,C,10,2,Dusk/Dawn,203153,1,2,0,2,0,0,1,5,Not at intersection,3,50
T20060003393,203144,N,2432564.204,2522815.18,BENDIGO,BENDIGO,NORTHERN REGION,LARGE_PROVINCIAL_CITIES,-36.79197,144.2443297,3555,23/2/06,17:15:00,4,Collision with a fixed object,5,Thursday,175,OFF END OF ROAD/T-INTERSECTION.               ,VCS,9,101,G,3,1,Day,55544,1,5,2,0,0,3,1,2,T intersection,2,60
T20060003394,35407,I,2498160.1,2406119.671,MELBOURNE,"MELBOURNE,PORT PHILLIP",METROPOLITAN NORTH WEST REGION,MELB_URBAN,-37.84597455,144.9790949,3004,23/2/06,23:45:00,4,Collision with a fixed object,5,Thursday,181,OFF RIGHT BEND INTO OBJECT/PARKED VEHICLE          ,MEL,40,280,J,6,5,Dark No street lights,199566,1,2,1,0,0,1,1,5,Not at intersection,2,100
T20060003398,34263,I,2508494.072,2428538.185,WHITTLESEA,WHITTLESEA,METROPOLITAN NORTH WEST REGION,MELB_URBAN,-37.64394033,145.0962528,3752,23/2/06,22:57:00,8,No collision and no object struck,5,Thursday,174,OUT OF CONTROL ON CARRIAGEWAY (ON STRAIGHT)         ,MEL,40,2P,C,3,3,Dark Street lights on,203215,1,2,1,1,0,0,1,5,Not at intersection,2,60
T20060003400,46214,I,2501745.996,2420476.561,DAREBIN,DAREBIN,METROPOLITAN NORTH WEST REGION,MELB_URBAN,-37.71661682,145.0198042,3073,23/2/06,20:10:00,7,Fall from or in moving vehicle,5,Thursday,190,FELL IN/FROM VEHICLE                    ,VCS,9,693,S,5,2,Dusk/Dawn,205445,1,2,0,1,0,1,1,5,Not at intersection,3,999
T20060003406,43028,I,2518174.259,2391441.404,DANDENONG,DANDENONG,METROPOLITAN SOUTH EAST REGION,MELB_URBAN,-37.97804465,145.2068595,3175,24/2/06,2:40:00,1,Collision with vehicle,6,Friday,134,LANE CHANGE RIGHT (NOT OVERTAKING)             ,MEL,40,442,A,5,3,Dark Street lights on,203216,2,3,0,2,0,1,1,5,Not at intersection,3,70
T20060003407,203164,N,2515324.471,2392679.709,DANDENONG,DANDENONG,METROPOLITAN SOUTH EAST REGION,MELB_URBAN,-37.96693969,145.1743975,3174,23/2/06,18:00:00,1,Collision with vehicle,5,Thursday,130,REAR END(VEHICLES IN SAME LANE)               ,MEL,40,18,H,11,1,Day,203166,2,2,1,0,0,1,1,5,Not at intersection,3,60
T20060003411,139125,N,2512760.053,2390419.642,DANDENONG,"DANDENONG,KINGSTON",METROPOLITAN SOUTH EAST REGION,MELB_URBAN,-37.98734027,145.1452528,3172,23/2/06,13:50:00,1,Collision with vehicle,5,Thursday,130,REAR END(VEHICLES IN SAME LANE)               ,MEL,40,63,J,12,1,Day,215467,4,4,0,1,0,3,1,5,Not at intersection,3,80
T20060003411,139125,N,2512760.053,2390419.642,DANDENONG,"DANDENONG,KINGSTON",METROPOLITAN SOUTH EAST REGION,MELB_URBAN,-37.98734027,145.1452528,3173,22/2/06,12:40:00,1,Collision with vehicle,4,Wednesday,113,RIGHT NEAR (INTERSECTIONS ONLY)               ,MEL,40,39,H,11,1,Day,55539,2,2,0,1,0,1,2,1,Cross intersection,3,80
T20060003414,43309,I,2510536.766,2381958.94,KINGSTON,KINGSTON,METROPOLITAN SOUTH EAST REGION,MELB_URBAN,-38.06359214,145.1200658,3196,15/2/06,8:10:00,2,Struck Pedestrian,4,Wednesday,106,VEH STRIKES PED ON FOOTPATH/MEDIAN/TRAFFIC ISLAND.,MEL,40,167,D,3,1,Day,203167,1,2,1,0,0,1,2,5,Not at intersection,3,80
T20060003416,203147,N,2524352.362,2405619.894,KNOX,KNOX,METROPOLITAN SOUTH EAST REGION,MELB_URBAN,-37.85016045,145.2767093,3153,29/1/06,22:10:00,1,Collision with vehicle,1,Sunday,160,VEHICLE COLLIDES WITH VEHICLE PARKED ON LEFT OF ROAD    ,MEL,40,97,D,9,3,Dark Street lights on,202334,4,2,1,1,0,0,1,5,Not at intersection,2,70
T20060003421,37823,I,2497992.139,2412870.334,YARRA,YARRA,METROPOLITAN NORTH WEST REGION,MELB_URBAN,-37.78515048,144.9772049,3054,18/2/06,22:00:00,1,Collision with vehicle,7,Saturday,120,HEAD ON (NOT OVERTAKING)                  ,VCS,9,33,B,3,5,Dark No street lights,201579,2,3,2,0,1,0,1,5,Not at intersection,1,100
T20060003421,37823,I,2497992.139,2412870.334,YARRA,YARRA,METROPOLITAN NORTH WEST REGION,MELB_URBAN,-37.78515048,144.9772049,3068,24/2/06,7:59:00,1,Collision with vehicle,6,Friday,130,REAR END(VEHICLES IN SAME LANE)               ,MEL,40,317,H,6,1,Day,41,3,3,0,1,0,2,1,5,Not at intersection,3,80
T20060003422,203165,N,2517857.836,2390043.002,DANDENONG,DANDENONG,METROPOLITAN SOUTH EAST REGION,MELB_URBAN,-37.99064947,145.203292,3175,23/2/06,19:50:00,8,No collision and no object struck,5,Thursday,174,OUT OF CONTROL ON CARRIAGEWAY (ON STRAIGHT)         ,MEL,40,7,F,3,2,Dusk/Dawn,203168,1,1,0,1,0,0,1,5,Not at intersection,3,50
T20060003426,203177,N,2510816.655,2372905.672,FRANKSTON,FRANKSTON,METROPOLITAN SOUTH EAST REGION,MELB_URBAN,-38.14514822,145.1233888,3199,24/2/06,9:00:00,4,Collision with a fixed object,6,Friday,146,REVERSING INTO FIXED OBJECT/PARKED VEHICLE         ,MEL,40,99,J,4,1,Day,203218,1,1,1,0,0,0,1,5,Not at intersection,3,50
T20060003429,203148,N,2529672.958,2403997.759,YARRA RANGES,YARRA RANGES,METROPOLITAN SOUTH EAST REGION,MELB_URBAN,-37.86462103,145.3372306,3786,21/2/06,10:30:00,1,Collision with vehicle,3,Tuesday,113,RIGHT NEAR (INTERSECTIONS ONLY)               ,MEL,40,69,A,9,1,Day,41478,2,2,0,1,0,1,2,2,T intersection,3,60
T20060003429,203148,N,2529672.958,2403997.759,YARRA RANGES,YARRA RANGES,METROPOLITAN SOUTH EAST REGION,MELB_URBAN,-37.86462103,145.3372306,3787,24/2/06,7:40:00,1,Collision with vehicle,6,Friday,130,REAR END(VEHICLES IN SAME LANE)               ,MEL,40,90,K,4,1,Day,126836,2,2,1,0,0,1,1,5,Not at intersection,3,100
T20060003432,203179,N,2510462.943,2383533.926,KINGSTON,KINGSTON,METROPOLITAN SOUTH EAST REGION,MELB_URBAN,-38.04940386,145.1192021,3196,24/2/06,8:30:00,1,Collision with vehicle,6,Friday,113,RIGHT NEAR (INTERSECTIONS ONLY)               ,MEL,40,51,A,9,1,Day,37320,2,2,0,2,0,0,1,2,T intersection,2,80
T20060003433,206550,N,2518717.894,2390821.441,DANDENONG,DANDENONG,METROPOLITAN SOUTH EAST REGION,MELB_URBAN,-37.98361932,145.2130629,3175,24/2/06,8:25:00,1,Collision with vehicle,6,Friday,110,CROSS TRAFFIC(INTERSECTIONS ONLY)              ,MEL,40,68,H,11,1,Day,41421,2,3,0,2,0,1,1,1,Cross intersection,3,50
T20060003438,55542,I,2504980.866,2421918.444,BANYULE,BANYULE,METROPOLITAN NORTH WEST REGION,MELB_URBAN,-37.70361317,145.0564865,3083,24/2/06,10:25:00,1,Collision with vehicle,6,Friday,110,CROSS TRAFFIC(INTERSECTIONS ONLY)              ,MEL,40,68,F,11,1,Day,41391,2,3,2,0,0,1,1,1,Cross intersection,2,60
T20060003441,47356,I,2479554.943,2421216.434,BRIMBANK,"BRIMBANK,MELTON",METROPOLITAN NORTH WEST REGION,MELB_URBAN,-37.70972754,144.7681198,3037,20/2/06,20:30:00,3,Struck animal,1,Monday,167,STRUCK ANIMAL                        ,,,,,,5,Dark No street lights,-1,1,1,0,1,0,0,2,5,Not at intersection,3,100
T20060003443,203149,N,2543189.762,2443188.166,MURRINDINDI,"MURRINDINDI,MURRINDINDI",NORTH EASTERN REGION,RURAL_VICTORIA,-37.51097157,145.4885599,3777,11/2/06,22:00:00,1,Collision with vehicle,7,Saturday,130,REAR END(VEHICLES IN SAME LANE)               ,MEL,40,84A,D,4,3,Dark Street lights on,35706,2,3,0,1,0,2,2,4,Multiple intersection,3,60
T20060003450,202932,N,2505746.222,2391914.721,KINGSTON,KINGSTON,METROPOLITAN SOUTH EAST REGION,MELB_URBAN,-37.97394046,145.0653999,3192,17/2/06,14:15:00,2,Struck Pedestrian,6,Friday,109,ANY MANOEUVRE INVOLVING PED NOT INCLUDED IN DCAs 100-108.  ,MEL,40,2B,G,11,1,Day,36355,1,2,1,0,0,1,2,1,Cross intersection,2,50
T20060003450,202932,N,2505746.222,2391914.721,KINGSTON,KINGSTON,METROPOLITAN SOUTH EAST REGION,MELB_URBAN,-37.97394046,145.0653999,3194,22/2/06,18:50:00,1,Collision with vehicle,4,Wednesday,130,REAR END(VEHICLES IN SAME LANE)               ,MEL,40,131,B,3,1,Day,203170,3,4,0,1,0,3,1,5,Not at intersection,3,80
T20060003453,26107,N,2518812.503,2539671.218,SHEPPARTON,SHEPPARTON,NORTH EASTERN REGION,RURAL_VICTORIA,-36.64227963,145.2103953,3610,20/2/06,23:00:00,1,Collision with vehicle,2,Monday,131,LEFT REAR                          ,MEL,40,31,B,7,3,Dark Street lights on,29500,2,2,0,1,0,1,2,1,Cross intersection,3,60
T20060003464,205436,N,2494560.146,2411256.11,MELBOURNE,MELBOURNE,METROPOLITAN NORTH WEST REGION,MELB_URBAN,-37.79968111,144.9382298,3051,23/2/06,16:40:00,1,Collision with vehicle,5,Thursday,132,RIGHT REAR.                         ,MEL,40,16,A,4,1,Day,203172,2,2,0,1,0,1,2,1,Cross intersection,3,60
T20060003469,42904,I,2514480.883,2390862.748,DANDENONG,DANDENONG,METROPOLITAN SOUTH EAST REGION,MELB_URBAN,-37.98332293,145.164833,3173,24/2/06,11:00:00,1,Collision with vehicle,6,Friday,132,RIGHT REAR.                         ,MEL,40,355,A,10,1,Day,203223,2,2,1,0,0,1,1,5,Not at intersection,2,90
T20060003472,116768,N,2514474.895,2387547.427,DANDENONG,DANDENONG,METROPOLITAN SOUTH EAST REGION,MELB_URBAN,-38.01319171,145.1648301,3173,24/2/06,9:20:00,1,Collision with vehicle,6,Friday,110,CROSS TRAFFIC(INTERSECTIONS ONLY)              ,VCS,9,90,H,5,1,Day,55540,2,4,4,0,0,0,1,1,Cross intersection,2,100
T20060003482,203182,N,2518286.557,2407526.629,WHITEHORSE,WHITEHORSE,METROPOLITAN SOUTH EAST REGION,MELB_URBAN,-37.83311999,145.2077382,3133,24/2/06,9:00:00,2,Struck Pedestrian,6,Friday,109,ANY MANOEUVRE INVOLVING PED NOT INCLUDED IN DCAs 100-108.  ,MEL,40,2C,F,9,1,Day,205447,1,2,1,0,0,1,1,5,Not at intersection,2,60
T20060003489,36593,I,2532207.638,2416362.327,YARRA RANGES,YARRA RANGES,METROPOLITAN SOUTH EAST REGION,MELB_URBAN,-37.75313199,145.3654972,3140,15/2/06,16:20:00,1,Collision with vehicle,4,Wednesday,130,REAR END(VEHICLES IN SAME LANE)               ,MEL,40,59,B,10,1,Day,55541,2,3,0,2,0,1,2,1,Cross intersection,3,70
T20060003491,43136,I,2493133.769,2426341.038,HUME,HUME,METROPOLITAN NORTH WEST REGION,MELB_URBAN,-37.66375137,144.9221732,3048,24/2/06,15:00:00,1,Collision with vehicle,6,Friday,132,RIGHT REAR.                         ,MEL,40,1A,C,3,1,Day,55545,2,3,0,1,0,2,1,1,Cross intersection,3,50